Sample_ID	nmf_subtypes	sil_width
CGND.HRA.00092	1	0.738
CGND.HRA.00064	1	0.654
CGND.HRA.01505	1	0.0892
A115_91	1	0.436
CGND.HRA.01776	1	0.62
CGND.HRA.01469	1	0.232
A204_03	1	0.423
CGND.HRA.00058	1	0.576
CGND.HRA.01452	1	-0.161
A001_91	1	0.339
A397_12	1	0.632
CGND.HRA.00608	1	0.528
CGND.HRA.00600	1	0.462
CGND.HRA.01587	1	0.495
A285_11	1	0.453
A129_92	1	0.509
CGND.HRA.00747	1	0.624
A147_11	1	0.184
CGND.HRA.00060	1	0.644
CGND.HRA.01686	1	0.498
CGND.HRA.00616	1	0.617
CGND.HRA.01384	1	0.648
A372_08	1	0.55
CGND.HRA.00057	1	0.628
A251_09	1	0.606
A001_16	1	0.407
CGND.HRA.01453	1	0.256
A069_02	1	0.367
CGND.HRA.01679	1	0.511
CGND.HRA.01894	1	0.629
CGND.HRA.00084.2	1	0.696
CGND.HRA.01407	1	0.662
CGND.HRA.01833	1	0.592
A257_17	1	0.678
A141_99	1	0.151
A446_17	1	0.638
CGND.HRA.00328	1	-0.473
A109_00	1	-0.033
A148_13	1	0.573
CGND.HRA.01506	1	0.0378
A257_11	1	0.652
A348_08	1	0.701
A283_93	1	0.524
CGND.HRA.00320	1	0.373
CGND.HRA.00637	1	0.64
CGND.HRA.01512	1	0.163
CGND.HRA.00638	1	0.65
A218_00	1	0.199
CGND.HRA.00607	1	0.528
CGND.HRA.00574	1	0.199
CGND.HRA.00065	1	0.654
CGND.HRA.00343	1	0.254
A331_09	1	0.701
CGND.HRA.00249	1	0.698
A018_95	1	0.481
A075_91	1	0.353
CGND.HRA.00066	1	0.636
A447_13	1	0.631
A009_96	1	0.599
CGND.HRA.01695	1	0.484
CGND.HRA.00678	1	0.607
CGND.HRA.00677	1	0.592
CGND.HRA.00681	1	0.641
CGND.HRA.00627	1	0.648
CGND.HRA.01546	1	0.375
CGND.HRA.00680	1	0.63
CGND.HRA.01983	1	0.659
CGND.HRA.00462	2	0.355
CGND.HRA.01640	2	0.417
CGND.HRA.00461	2	0.379
A229_06	2	0.55
CGND.HRA.00147	2	0.711
A216_99	2	-0.00446
CGND.HRA.00586	2	0.54
CGND.HRA.00563	2	0.12
A009_00	2	0.595
CGND.HRA.01488	2	0.543
A274_17	2	0.688
CGND.HRA.00254	2	0.734
CGND.HRA.00599	2	0.567
CGND.HRA.00587	2	0.547
CGND.HRA.01487	2	0.549
CGND.HRA.01403	2	0.663
CGND.HRA.01424	2	0.658
CGND.HRA.01859	2	0.641
A116_04	2	0.326
CGND.HRA.01766	2	0.631
A208_06	2	0.423
CGND.HRA.01804	2	0.606
CGND.HRA.00604	2	0.505
CGND.HRA.01468	2	0.138
CGND.HRA.00287	2	0.699
CGND.HRA.01919	2	0.65
A218_03	2	0.28
CGND.HRA.01819	2	0.574
CGND.HRA.01736	2	0.613
A098_09	2	0.338
CGND.HRA.01828	2	0.595
CGND.HRA.01715	2	0.559
CGND.HRA.01746	2	0.635
CGND.HRA.01791	2	0.554
CGND.HRA.00366	2	0.12
CGND.HRA.00388	2	0.0137
CGND.HRA.01581	2	0.516
A203_12	2	0.214
A200_02	2	0.472
CGND.HRA.00257.2	2	0.73
CGND.HRA.01646	2	0.408
CGND.HRA.00615	2	0.608
CGND.HRA.00387	2	-0.0263
A398_12	2	0.648
CGND.HRA.01728	2	0.564
CGND.HRA.00223	2	0.737
CGND.HRA.00561	2	0.00538
A182_01	2	0.514
CGND.HRA.00424	2	0.206
CGND.HRA.01658	2	0.446
CGND.HRA.00624	2	0.641
CGND.HRA.01796	2	0.583
A282_00	2	0.663
CGND.HRA.01874	2	0.615
A244_05	2	0.632
A117_02	2	0.591
A093_04	2	0.0775
CGND.HRA.01664	2	0.524
CGND.HRA.01710	2	0.599
CGND.HRA.01511	2	0.11
A217_93	2	0.231
CGND.HRA.00359	2	-0.0896
CGND.HRA.00086	2	0.72
CGND.HRA.00225	2	0.74
CGND.HRA.01574	2	0.448
A079_07	2	0.171
CGND.HRA.01517	2	0.0494
CGND.HRA.01608	2	0.523
CGND.HRA.01609	2	0.494
CGND.HRA.00217	2	0.736
CGND.HRA.01690	2	0.464
A090_95	2	-0.356
CGND.HRA.01809	2	0.598
CGND.HRA.01864	2	0.639
CGND.HRA.00089.2	2	0.742
CGND.HRA.01461	2	-0.00637
A083_01	2	0.215
CGND.HRA.00381	2	-0.367
CGND.HRA.02157	2	0.653
CGND.HRA.00382	2	-0.355
CGND.HRA.01914	2	0.656
CGND.HRA.00663	2	0.627
CGND.HRA.01889	2	0.634
A264_05	2	0.637
CGND.HRA.01575	2	0.525
CGND.HRA.00733	2	0.609
CGND.HRA.01899	2	0.637
CGND.HRA.01535	2	0.433
CGND.HRA.00664	2	0.652
CGND.HRA.01500	2	0.0534
CGND.HRA.00334	2	-0.233
A218_09	3	0.339
CGND.HRA.00672	3	0.639
CGND.HRA.01838	3	0.573
CGND.HRA.01801	3	0.588
CGND.HRA.01814	3	0.564
CGND.HRA.00488	3	0.343
CGND.HRA.00640	3	0.65
CGND.HRA.00083	3	0.689
CGND.HRA.01740	3	0.597
CGND.HRA.01580	3	0.48
CGND.HRA.00313	3	0.404
A124_05	3	0.502
CGND.HRA.00312	3	0.434
CGND.HRA.00435	3	0.0768
CGND.HRA.01493	3	0.502
A094_05	3	0.0629
A194_06	3	0.477
CGND.HRA.00095	3	0.744
CGND.HRA.01320	3	0.636
A260_16	3	0.674
A123_05	3	0.41
CGND.HRA.00215	3	0.73
CGND.HRA.01669	3	0.458
A249_09	3	0.617
CGND.HRA.01635	3	0.456
A073_12	3	0.386
CGND.HRA.01518	3	0.172
A401_13	3	0.643
A140_94	3	1.13e-05
CGND.HRA.00631	3	0.601
CGND.HRA.00358	3	-0.393
CGND.HRA.00582	3	0.562
CGND.HRA.01879	3	0.631
CGND.HRA.00732	3	0.62
CGND.HRA.00423	3	0.0643
CGND.HRA.00393	3	-0.156
CGND.HRA.00286	3	0.689
CGND.HRA.01438	3	0.663
A234_11	3	0.55
A205_09	3	0.504
CGND.HRA.00374	3	-0.407
CGND.HRA.01700	3	0.493
A081_91	3	0.286
CGND.HRA.01552	3	0.292
CGND.HRA.01390	3	0.663
CGND.HRA.01845	3	0.594
A202_11	3	0.293
CGND.HRA.01636	3	0.457
CGND.HRA.01415	3	0.665
CGND.HRA.01394	3	0.657
CGND.HRA.00394	3	-0.217
CGND.HRA.01398	3	0.662
A292_93	3	0.481
A163_90	3	0.365
CGND.HRA.00603	3	0.552
A104_92	3	0.272
A401_08	3	0.635
CGND.HRA.01482	3	0.472
A305_94	3	0.648
A293_11	3	0.493
CGND.HRA.00288	3	0.36
CGND.HRA.01568	3	0.338
CGND.HRA.00256	3	0.725
A230_93	3	0.509
A150_93	3	0.546
CGND.HRA.00429	3	0.2
CGND.HRA.00351	3	-0.0308
CGND.HRA.01557	3	0.411
A151_10	3	0.579
CGND.HRA.00430	3	0.143
CGND.HRA.01428	3	0.66
A171_90	3	0.474
A028_13	3	0.497
A154_06	3	0.518
CGND.HRA.00226	3	0.703
CGND.HRA.00373	3	0.0216
A119_93	3	0.408
A063_08	3	0.403
A157_02	3	0.543
A047_00	3	0.276
CGND.HRA.00304	3	0.2
A119_07	3	0.519
A104_11	3	0.19
A044_10	3	0.408
CGND.HRA.00085	3	0.706
CGND.HRA.00489	3	0.414
CGND.HRA.01280	3	0.622
CGND.HRA.01437	3	0.667
A174_08	3	0.52
CGND.HRA.00220	3	0.74
A138_05	3	0.216
CGND.HRA.01475	3	0.441
CGND.HRA.01639	3	0.513
A160_96	3	0.503
CGND.HRA.00305	3	0.296
CGND.HRA.00350	3	0.16
CGND.HRA.01532	3	0.241
CGND.HRA.01429	3	0.663
CGND.HRA.01414	3	0.661
A237_12	3	0.602
A134_02	3	0.211
CGND.HRA.01531	3	0.328
CGND.HRA.00436	3	0.307
CGND.HRA.00417	3	-0.236
A034_06	3	0.553
A282_98	3	0.694
CGND.HRA.01536	3	0.324
CGND.HRA.01528	3	0.228
CGND.HRA.00611	3	0.548
A282_92	3	0.676
CGND.HRA.00055	3	0.589
CGND.HRA.01628	3	0.442
A072_02	3	0.25
A086_01	3	0.155
CGND.HRA.00250	3	0.709
CGND.HRA.00088	3	0.727
CGND.HRA.00285	3	0.704
A017_05	3	0.438
A108_93	3	0.219
A130_13	3	0.48
CGND.HRA.01563	3	0.37
CGND.HRA.01562	3	0.357
CGND.HRA.01445	3	0.374
CGND.HRA.00628	3	0.617
A157_04	3	0.497
CGND.HRA.00633	3	0.629
CGND.HRA.01593	3	0.51
A319_95	3	0.676
CGND.HRA.00651	3	0.621
CGND.HRA.00321	3	0.443
CGND.HRA.00418	3	-0.166
CGND.HRA.00367	3	0.0141
A041_07	3	0.202
CGND.HRA.01849	3	0.598
CGND.HRA.01399	3	0.661
CGND.HRA.00748	3	0.634
CGND.HRA.00284	3	0.714
CGND.HRA.00059	3	0.638
CGND.HRA.00193	3	0.711
CGND.HRA.01425	3	0.654
CGND.HRA.01823	3	0.59
CGND.HRA.00056	3	0.574
CGND.HRA.01659	3	0.541
CGND.HRA.00556	3	0.422
CGND.HRA.01305	3	0.643
A048_05	3	0.412
CGND.HRA.00216	3	0.722
CGND.HRA.01720	3	0.57
CGND.HRA.01551	3	0.416
CGND.HRA.00134	3	0.729
CGND.HRA.01481	3	0.362
CGND.HRA.00062	3	0.689
A226_03	3	0.451
CGND.HRA.00090	3	0.745
CGND.HRA.01984	3	0.658
CGND.HRA.00068	3	0.675
CGND.HRA.00562	3	0.419
CGND.HRA.00335	3	-0.0127
CGND.HRA.01674	3	0.497
A097_92	3	0.0647
A177_09	3	0.423
CGND.HRA.00087	3	0.73
CGND.HRA.01592	3	0.509
A221_16	3	0.345
A298_97	3	0.567
CGND.HRA.01540	3	0.352
CGND.HRA.00612	3	0.597
CGND.HRA.01869	3	0.635
CGND.HRA.01374	3	0.652
CGND.HRA.01375	3	0.655
CGND.HRA.01174	3	0.642
CGND.HRA.00482	3	0.337
CGND.HRA.00575	3	0.519
CGND.HRA.00650	3	0.617
A188_06	3	0.493
A085_00	3	0.167
A089_08	3	-0.332
CGND.HRA.00255	3	0.733
A046_00	3	0.307
CGND.HRA.01854	3	0.638
CGND.HRA.01386	3	0.657
CGND.HRA.01904	3	0.651
CGND.HRA.00483	3	0.322
CGND.HRA.01569	3	0.359
CGND.HRA.00096	3	0.681
CGND.HRA.01494	3	0.538
CGND.HRA.00581	3	0.479
CGND.HRA.01304	3	0.62
A162_09	3	0.505
CGND.HRA.00557	3	0.387
CGND.HRA.00219	3	0.741
CGND.HRA.01279	3	0.633
CGND.HRA.01539	3	0.415
CGND.HRA.00673	3	0.643
A154_04	3	0.551
CGND.HRA.00252	3	0.724
CGND.HRA.00061	3	0.691
A041_03	3	0.541
CGND.HRA.01321	3	0.648
CGND.HRA.01476	3	0.323
CGND.HRA.01629	3	0.441
CGND.HRA.01499	3	-0.092
A375_12	3	0.627
CGND.HRA.01387	3	0.663
CGND.HRA.01175	3	0.647
CGND.HRA.00221	3	0.735
A141_06	3	0.263
A093_07	3	0.0198
CGND.HRA.01527	3	0.263
CGND.HRA.01524	3	0.236
A110_06	3	0.106
