Sample_ID	nmf_subtypes_sample	nmf_subtypes_con	sil_width_con	sil_width_sample	prob
A001_16	2	1	0.407	0.876	0.366
A001_91	3	1	0.339	0.114	0.35
A009_00	1	2	0.595	0.271	0.428
A009_96	1	1	0.599	0.814	0.646
A017_05	3	3	0.438	0.645	0.385
A018_95	1	1	0.481	0.86	0.392
A028_13	3	3	0.497	0.766	0.467
A034_06	3	3	0.553	0.878	0.441
A041_03	3	3	0.541	0.885	0.445
A041_07	3	3	0.202	0.685	0.369
A044_10	3	3	0.408	0.823	0.447
A046_00	3	3	0.307	0.882	0.417
A047_00	3	3	0.276	0.701	0.432
A048_05	3	3	0.412	0.428	0.431
A063_08	3	3	0.403	0.801	0.455
A069_02	1	1	0.367	0.369	0.385
A072_02	3	3	0.25	0.249	0.37
A073_12	2	3	0.386	0.531	0.441
A075_91	1	1	0.353	0.812	0.551
A079_07	2	2	0.171	0.883	0.478
A081_91	3	3	0.286	0.824	0.376
A083_01	2	2	0.215	0.882	0.487
A085_00	3	3	0.167	0.879	0.407
A086_01	3	3	0.155	0.355	0.388
A089_08	3	3	-0.332	0.897	0.399
A090_95	2	2	-0.356	0.819	0.414
A093_04	2	2	0.0775	0.826	0.427
A093_07	3	3	0.0198	0.898	0.427
A094_05	3	3	0.0629	-0.0561	0.38
A097_92	3	3	0.0647	0.679	0.412
A098_09	2	2	0.338	0.195	0.373
A104_11	3	3	0.19	0.801	0.462
A104_92	3	3	0.272	0.558	0.401
A108_93	3	3	0.219	0.758	0.386
A109_00	1	1	-0.033	0.521	0.376
A110_06	3	3	0.106	0.891	0.461
A115_91	1	1	0.436	0.816	0.411
A116_04	2	2	0.326	0.497	0.457
A117_02	2	2	0.591	0.796	0.397
A119_07	3	3	0.519	0.778	0.44
A119_93	3	3	0.408	0.732	0.436
A123_05	2	3	0.41	0.638	0.444
A124_05	3	3	0.502	0.0665	0.361
A129_92	1	1	0.509	0.508	0.395
A130_13	3	3	0.48	0.815	0.421
A134_02	3	3	0.211	0.846	0.413
A138_05	3	3	0.216	0.833	0.427
A140_94	2	3	1.13e-05	0.189	0.383
A141_06	3	3	0.263	0.894	0.419
A141_99	1	1	0.151	0.456	0.428
A147_11	1	1	0.184	0.63	0.479
A148_13	1	1	0.573	0.847	0.462
A150_93	3	3	0.546	0.862	0.437
A151_10	3	3	0.579	0.731	0.391
A154_04	3	3	0.551	0.853	0.444
A154_06	3	3	0.518	0.763	0.447
A157_02	3	3	0.543	0.734	0.441
A157_04	1	3	0.497	0.103	0.4
A160_96	3	3	0.503	0.828	0.409
A162_09	3	3	0.505	0.864	0.387
A163_90	3	3	0.365	0.488	0.412
A171_90	3	3	0.474	0.798	0.431
A174_08	3	3	0.52	0.857	0.469
A177_09	3	3	0.423	0.882	0.37
A182_01	2	2	0.514	0.706	0.435
A188_06	3	3	0.493	0.891	0.435
A194_06	2	3	0.477	0.325	0.391
A200_02	2	2	0.472	0.693	0.566
A202_11	3	3	0.293	0.536	0.415
A203_12	2	2	0.214	0.549	0.527
A204_03	1	1	0.423	0.772	0.459
A205_09	3	3	0.504	0.313	0.422
A208_06	2	2	0.423	0.786	0.41
A216_99	2	2	-0.00446	0.353	0.364
A217_93	2	2	0.231	0.808	0.614
A218_00	1	1	0.199	0.458	0.475
A218_03	2	2	0.28	0.882	0.381
A218_09	3	3	0.339	0.6	0.364
A221_16	3	3	0.345	0.669	0.399
A226_03	3	3	0.451	0.679	0.444
A229_06	2	2	0.55	0.43	0.407
A230_93	3	3	0.509	0.788	0.432
A234_11	3	3	0.55	0.235	0.436
A237_12	3	3	0.602	0.885	0.456
A244_05	2	2	0.632	0.789	0.423
A249_09	2	3	0.617	0.44	0.392
A251_09	2	1	0.606	0.636	0.364
A257_11	1	1	0.652	0.782	0.352
A257_17	1	1	0.678	0.7	0.491
A260_16	2	3	0.674	0.593	0.403
A264_05	2	2	0.637	0.863	0.464
A274_17	1	2	0.688	0.148	0.406
A282_00	2	2	0.663	0.796	0.381
A282_92	3	3	0.676	0.897	0.359
A282_98	3	3	0.694	0.891	0.43
A283_93	1	1	0.524	0.798	0.362
A285_11	1	1	0.453	0.598	0.403
A292_93	3	3	0.481	0.597	0.391
A293_11	3	3	0.493	0.869	0.404
A298_97	3	3	0.567	0.659	0.41
A305_94	3	3	0.648	0.893	0.396
A319_95	3	3	0.676	0.305	0.372
A331_09	1	1	0.701	0.855	0.438
A348_08	1	1	0.701	0.851	0.357
A372_08	1	1	0.55	0.284	0.399
A375_12	3	3	0.627	0.882	0.423
A397_12	1	1	0.632	0.533	0.372
A398_12	2	2	0.648	0.606	0.515
A401_08	3	3	0.635	0.845	0.383
A401_13	2	3	0.643	0.281	0.388
A446_17	1	1	0.638	0.619	0.597
A447_13	1	1	0.631	0.816	0.48
CGND.HRA.00055	1	3	0.589	0.221	0.383
CGND.HRA.00056	3	3	0.574	0.59	0.451
CGND.HRA.00057	1	1	0.628	0.261	0.408
CGND.HRA.00058	1	1	0.576	0.815	0.465
CGND.HRA.00059	3	3	0.638	0.485	0.389
CGND.HRA.00060	1	1	0.644	0.307	0.381
CGND.HRA.00061	3	3	0.691	0.899	0.455
CGND.HRA.00062	3	3	0.689	0.753	0.46
CGND.HRA.00064	1	1	0.654	0.113	0.342
CGND.HRA.00065	1	1	0.654	0.623	0.407
CGND.HRA.00066	1	1	0.636	0.827	0.603
CGND.HRA.00068	3	3	0.675	0.772	0.48
CGND.HRA.00083	2	3	0.689	0.623	0.406
CGND.HRA.00084.2	1	1	0.696	0.812	0.351
CGND.HRA.00085	3	3	0.706	0.873	0.391
CGND.HRA.00086	2	2	0.72	0.847	0.603
CGND.HRA.00087	3	3	0.73	0.832	0.39
CGND.HRA.00088	3	3	0.727	0.843	0.405
CGND.HRA.00089.2	2	2	0.742	0.877	0.494
CGND.HRA.00090	3	3	0.745	0.771	0.44
CGND.HRA.00092	1	1	0.738	0.784	0.394
CGND.HRA.00095	2	3	0.744	0.337	0.394
CGND.HRA.00096	3	3	0.681	0.818	0.502
CGND.HRA.00134	3	3	0.729	0.842	0.399
CGND.HRA.00147	2	2	0.711	0.75	0.407
CGND.HRA.00193	3	3	0.711	0.62	0.419
CGND.HRA.00215	2	3	0.73	0.351	0.395
CGND.HRA.00216	3	3	0.722	0.46	0.419
CGND.HRA.00217	2	2	0.736	0.863	0.497
CGND.HRA.00219	3	3	0.741	0.869	0.423
CGND.HRA.00220	3	3	0.74	0.832	0.438
CGND.HRA.00221	3	3	0.735	0.893	0.5
CGND.HRA.00223	2	2	0.737	0.736	0.445
CGND.HRA.00225	2	2	0.74	0.884	0.464
CGND.HRA.00226	3	3	0.703	0.679	0.422
CGND.HRA.00249	1	1	0.698	0.859	0.483
CGND.HRA.00250	3	3	0.709	0.713	0.375
CGND.HRA.00252	3	3	0.724	0.829	0.484
CGND.HRA.00254	2	2	0.734	-0.0868	0.41
CGND.HRA.00255	3	3	0.733	0.868	0.379
CGND.HRA.00256	3	3	0.725	0.811	0.386
CGND.HRA.00257.2	2	2	0.73	0.69	0.443
CGND.HRA.00284	3	3	0.714	0.697	0.388
CGND.HRA.00285	3	3	0.704	0.632	0.391
CGND.HRA.00286	3	3	0.689	0.117	0.406
CGND.HRA.00287	2	2	0.699	0.869	0.436
CGND.HRA.00288	3	3	0.36	0.896	0.396
CGND.HRA.00304	3	3	0.2	0.759	0.456
CGND.HRA.00305	3	3	0.296	0.876	0.479
CGND.HRA.00312	3	3	0.434	0.0329	0.355
CGND.HRA.00313	3	3	0.404	0.321	0.362
CGND.HRA.00320	1	1	0.373	0.844	0.444
CGND.HRA.00321	1	3	0.443	0.0252	0.379
CGND.HRA.00328	1	1	-0.473	0.732	0.4
CGND.HRA.00334	2	2	-0.233	0.795	0.415
CGND.HRA.00335	3	3	-0.0127	0.692	0.4
CGND.HRA.00343	1	1	0.254	0.858	0.407
CGND.HRA.00350	3	3	0.16	0.883	0.49
CGND.HRA.00351	3	3	-0.0308	0.872	0.468
CGND.HRA.00358	3	3	-0.393	-0.189	0.367
CGND.HRA.00359	2	2	-0.0896	0.829	0.674
CGND.HRA.00366	2	2	0.12	0.737	0.638
CGND.HRA.00367	3	3	0.0141	0.636	0.374
CGND.HRA.00373	3	3	0.0216	0.724	0.42
CGND.HRA.00374	3	3	-0.407	0.192	0.412
CGND.HRA.00381	2	2	-0.367	0.881	0.512
CGND.HRA.00382	2	2	-0.355	0.844	0.464
CGND.HRA.00387	2	2	-0.0263	0.665	0.568
CGND.HRA.00388	2	2	0.0137	0.813	0.598
CGND.HRA.00393	3	3	-0.156	0.134	0.416
CGND.HRA.00394	3	3	-0.217	0.646	0.453
CGND.HRA.00417	3	3	-0.236	0.843	0.397
CGND.HRA.00418	3	3	-0.166	0.526	0.37
CGND.HRA.00423	3	3	0.0643	0.208	0.374
CGND.HRA.00424	2	2	0.206	0.674	0.406
CGND.HRA.00429	3	3	0.2	0.859	0.458
CGND.HRA.00430	3	3	0.143	0.707	0.442
CGND.HRA.00435	2	3	0.0768	0.524	0.385
CGND.HRA.00436	3	3	0.307	0.875	0.477
CGND.HRA.00461	3	2	0.379	0.451	0.349
CGND.HRA.00462	2	2	0.355	0.2	0.34
CGND.HRA.00482	3	3	0.337	0.808	0.386
CGND.HRA.00483	3	3	0.322	0.879	0.449
CGND.HRA.00488	3	3	0.343	0.575	0.403
CGND.HRA.00489	3	3	0.414	0.878	0.463
CGND.HRA.00556	3	3	0.422	0.692	0.39
CGND.HRA.00557	3	3	0.387	0.771	0.432
CGND.HRA.00561	2	2	0.00538	0.655	0.398
CGND.HRA.00562	3	3	0.419	0.757	0.405
CGND.HRA.00563	1	2	0.12	0.262	0.432
CGND.HRA.00574	1	1	0.199	0.46	0.425
CGND.HRA.00575	3	3	0.519	0.822	0.404
CGND.HRA.00581	3	3	0.479	0.864	0.436
CGND.HRA.00582	2	3	0.562	0.241	0.373
CGND.HRA.00586	1	2	0.54	0.396	0.456
CGND.HRA.00587	2	2	0.547	0.421	0.503
CGND.HRA.00599	2	2	0.567	0.112	0.413
CGND.HRA.00600	1	1	0.462	0.287	0.369
CGND.HRA.00603	3	3	0.552	0.497	0.408
CGND.HRA.00604	2	2	0.505	0.848	0.426
CGND.HRA.00607	1	1	0.528	0.717	0.428
CGND.HRA.00608	1	1	0.528	0.516	0.399
CGND.HRA.00611	3	3	0.548	0.87	0.434
CGND.HRA.00612	3	3	0.597	0.884	0.379
CGND.HRA.00615	2	2	0.608	0.64	0.499
CGND.HRA.00616	1	1	0.617	0.419	0.413
CGND.HRA.00624	2	2	0.641	0.873	0.389
CGND.HRA.00627	1	1	0.648	0.794	0.425
CGND.HRA.00628	1	3	0.617	0.264	0.43
CGND.HRA.00631	2	3	0.601	0.211	0.389
CGND.HRA.00633	1	3	0.629	0.0503	0.393
CGND.HRA.00637	1	1	0.64	0.829	0.396
CGND.HRA.00638	1	1	0.65	0.596	0.404
CGND.HRA.00640	3	3	0.65	0.595	0.4
CGND.HRA.00650	3	3	0.617	0.829	0.397
CGND.HRA.00651	3	3	0.621	0.133	0.391
CGND.HRA.00663	2	2	0.627	0.795	0.391
CGND.HRA.00664	2	2	0.652	0.808	0.412
CGND.HRA.00672	3	3	0.639	0.713	0.362
CGND.HRA.00673	3	3	0.643	0.827	0.406
CGND.HRA.00677	1	1	0.592	0.78	0.626
CGND.HRA.00678	1	1	0.607	0.712	0.592
CGND.HRA.00680	1	1	0.63	0.808	0.455
CGND.HRA.00681	1	1	0.641	0.817	0.49
CGND.HRA.00732	3	3	0.62	0.368	0.386
CGND.HRA.00733	2	2	0.609	0.855	0.429
CGND.HRA.00747	1	1	0.624	0.174	0.364
CGND.HRA.00748	3	3	0.634	0.538	0.368
CGND.HRA.01174	3	3	0.642	0.87	0.377
CGND.HRA.01175	3	3	0.647	0.886	0.422
CGND.HRA.01279	3	3	0.633	0.888	0.395
CGND.HRA.01280	3	3	0.622	0.769	0.398
CGND.HRA.01304	3	3	0.62	0.835	0.432
CGND.HRA.01305	3	3	0.643	0.454	0.435
CGND.HRA.01320	2	3	0.636	0.464	0.371
CGND.HRA.01321	3	3	0.648	0.898	0.407
CGND.HRA.01374	3	3	0.652	0.89	0.416
CGND.HRA.01375	3	3	0.655	0.878	0.417
CGND.HRA.01384	1	1	0.648	0.282	0.419
CGND.HRA.01386	3	3	0.657	0.899	0.445
CGND.HRA.01387	3	3	0.663	0.853	0.493
CGND.HRA.01390	3	3	0.663	0.841	0.359
CGND.HRA.01394	3	3	0.657	0.623	0.432
CGND.HRA.01398	3	3	0.662	0.403	0.398
CGND.HRA.01399	3	3	0.661	0.507	0.413
CGND.HRA.01403	2	2	0.663	0.289	0.512
CGND.HRA.01407	1	1	0.662	0.65	0.402
CGND.HRA.01414	3	3	0.661	0.893	0.457
CGND.HRA.01415	3	3	0.665	0.571	0.436
CGND.HRA.01424	2	2	0.658	0.655	0.424
CGND.HRA.01425	3	3	0.654	0.517	0.461
CGND.HRA.01428	3	3	0.66	0.786	0.419
CGND.HRA.01429	3	3	0.663	0.892	0.457
CGND.HRA.01437	3	3	0.667	0.83	0.425
CGND.HRA.01438	3	3	0.663	0.162	0.409
CGND.HRA.01445	3	3	0.374	0.87	0.441
CGND.HRA.01452	1	1	-0.161	0.767	0.412
CGND.HRA.01453	1	1	0.256	0.69	0.361
CGND.HRA.01461	2	2	-0.00637	0.879	0.452
CGND.HRA.01468	2	2	0.138	0.822	0.445
CGND.HRA.01469	1	1	0.232	0.774	0.413
CGND.HRA.01475	3	3	0.441	0.842	0.41
CGND.HRA.01476	3	3	0.323	0.898	0.42
CGND.HRA.01481	3	3	0.362	0.744	0.414
CGND.HRA.01482	3	3	0.472	0.726	0.39
CGND.HRA.01487	2	2	0.549	0.283	0.541
CGND.HRA.01488	1	2	0.543	0.137	0.471
CGND.HRA.01493	3	3	0.502	0.108	0.36
CGND.HRA.01494	3	3	0.538	0.816	0.487
CGND.HRA.01499	3	3	-0.092	0.87	0.47
CGND.HRA.01500	2	2	0.0534	0.813	0.498
CGND.HRA.01505	1	1	0.0892	0.826	0.514
CGND.HRA.01506	1	1	0.0378	0.765	0.457
CGND.HRA.01511	2	2	0.11	0.804	0.538
CGND.HRA.01512	1	1	0.163	0.653	0.371
CGND.HRA.01517	2	2	0.0494	0.883	0.595
CGND.HRA.01518	2	3	0.172	0.509	0.422
CGND.HRA.01524	3	3	0.236	0.886	0.512
CGND.HRA.01527	3	3	0.263	0.887	0.534
CGND.HRA.01528	3	3	0.228	0.892	0.473
CGND.HRA.01531	3	3	0.328	0.878	0.491
CGND.HRA.01532	3	3	0.241	0.897	0.532
CGND.HRA.01535	2	2	0.433	0.832	0.498
CGND.HRA.01536	3	3	0.324	0.892	0.446
CGND.HRA.01539	3	3	0.415	0.825	0.466
CGND.HRA.01540	3	3	0.352	0.836	0.434
CGND.HRA.01546	1	1	0.375	0.828	0.463
CGND.HRA.01551	3	3	0.416	0.704	0.436
CGND.HRA.01552	3	3	0.292	0.882	0.357
CGND.HRA.01557	3	3	0.411	0.88	0.456
CGND.HRA.01562	3	3	0.357	0.804	0.4
CGND.HRA.01563	3	3	0.37	0.872	0.407
CGND.HRA.01568	3	3	0.338	0.878	0.401
CGND.HRA.01569	3	3	0.359	0.81	0.426
CGND.HRA.01574	2	2	0.448	0.873	0.548
CGND.HRA.01575	2	2	0.525	0.847	0.414
CGND.HRA.01580	3	3	0.48	0.167	0.357
CGND.HRA.01581	2	2	0.516	0.825	0.566
CGND.HRA.01587	1	1	0.495	0.682	0.427
CGND.HRA.01592	3	3	0.509	0.681	0.387
CGND.HRA.01593	1	3	0.51	0.149	0.402
CGND.HRA.01608	2	2	0.523	0.78	0.383
CGND.HRA.01609	2	2	0.494	0.849	0.4
CGND.HRA.01628	3	3	0.442	0.427	0.401
CGND.HRA.01629	3	3	0.441	0.862	0.453
CGND.HRA.01635	2	3	0.456	0.524	0.433
CGND.HRA.01636	3	3	0.457	0.662	0.432
CGND.HRA.01639	3	3	0.513	0.861	0.405
CGND.HRA.01640	3	2	0.417	-0.118	0.353
CGND.HRA.01646	2	2	0.408	0.722	0.429
CGND.HRA.01658	2	2	0.446	0.626	0.357
CGND.HRA.01659	3	3	0.541	0.484	0.381
CGND.HRA.01664	2	2	0.524	0.855	0.361
CGND.HRA.01669	2	3	0.458	0.341	0.379
CGND.HRA.01674	3	3	0.497	0.618	0.42
CGND.HRA.01679	1	1	0.511	0.166	0.356
CGND.HRA.01686	3	1	0.498	0.196	0.362
CGND.HRA.01690	2	2	0.464	0.872	0.437
CGND.HRA.01695	1	1	0.484	0.804	0.432
CGND.HRA.01700	3	3	0.493	0.712	0.352
CGND.HRA.01710	2	2	0.599	0.883	0.385
CGND.HRA.01715	2	2	0.559	0.722	0.403
CGND.HRA.01720	3	3	0.57	0.515	0.41
CGND.HRA.01728	2	2	0.564	0.592	0.372
CGND.HRA.01736	2	2	0.613	0.403	0.399
CGND.HRA.01740	2	3	0.597	0.448	0.376
CGND.HRA.01746	2	2	0.635	0.684	0.437
CGND.HRA.01766	2	2	0.631	0.622	0.412
CGND.HRA.01776	1	1	0.62	0.672	0.395
CGND.HRA.01791	2	2	0.554	0.858	0.38
CGND.HRA.01796	2	2	0.583	0.86	0.384
CGND.HRA.01801	3	3	0.588	0.654	0.371
CGND.HRA.01804	2	2	0.606	0.843	0.411
CGND.HRA.01809	2	2	0.598	0.868	0.455
CGND.HRA.01814	3	3	0.564	0.65	0.382
CGND.HRA.01819	2	2	0.574	0.854	0.372
CGND.HRA.01823	3	3	0.59	0.494	0.452
CGND.HRA.01828	2	2	0.595	0.372	0.441
CGND.HRA.01833	1	1	0.592	0.704	0.535
CGND.HRA.01838	3	3	0.573	0.737	0.357
CGND.HRA.01845	3	3	0.594	0.655	0.372
CGND.HRA.01849	3	3	0.598	0.322	0.374
CGND.HRA.01854	3	3	0.638	0.89	0.395
CGND.HRA.01859	2	2	0.641	0.569	0.454
CGND.HRA.01864	2	2	0.639	0.879	0.447
CGND.HRA.01869	3	3	0.635	0.857	0.381
CGND.HRA.01874	2	2	0.615	0.681	0.382
CGND.HRA.01879	3	3	0.631	0.172	0.384
CGND.HRA.01889	2	2	0.634	0.872	0.471
CGND.HRA.01894	1	1	0.629	0.512	0.348
CGND.HRA.01899	2	2	0.637	0.874	0.474
CGND.HRA.01904	3	3	0.651	0.883	0.421
CGND.HRA.01914	2	2	0.656	0.764	0.402
CGND.HRA.01919	2	2	0.65	0.878	0.367
CGND.HRA.01983	1	1	0.659	0.755	0.455
CGND.HRA.01984	3	3	0.658	0.718	0.485
CGND.HRA.02157	2	2	0.653	0.884	0.52
