Ensemble	OBB	AvgAcc
1	0.512820512820513	48.7179487179487
2	0.434782608695652	56.5217391304348
3	0.372093023255814	62.7906976744186
4	0.435643564356436	56.4356435643564
5	0.40952380952381	59.047619047619
6	0.432432432432432	56.7567567567568
7	0.405405405405405	59.4594594594595
8	0.414414414414414	58.5585585585586
9	0.441441441441441	55.8558558558559
10	0.378378378378378	62.1621621621622
11	0.387387387387387	61.2612612612613
12	0.348214285714286	65.1785714285714
13	0.357142857142857	64.2857142857143
14	0.401785714285714	59.8214285714286
15	0.401785714285714	59.8214285714286
16	0.383928571428571	61.6071428571429
17	0.392857142857143	60.7142857142857
18	0.401785714285714	59.8214285714286
19	0.348214285714286	65.1785714285714
20	0.357142857142857	64.2857142857143
21	0.357142857142857	64.2857142857143
22	0.339285714285714	66.0714285714286
23	0.357142857142857	64.2857142857143
24	0.357142857142857	64.2857142857143
25	0.321428571428571	67.8571428571429
26	0.330357142857143	66.9642857142857
27	0.357142857142857	64.2857142857143
28	0.348214285714286	65.1785714285714
29	0.339285714285714	66.0714285714286
30	0.366071428571429	63.3928571428571
31	0.357142857142857	64.2857142857143
32	0.366071428571429	63.3928571428571
33	0.383928571428571	61.6071428571429
34	0.383928571428571	61.6071428571429
35	0.357142857142857	64.2857142857143
36	0.410714285714286	58.9285714285714
37	0.366071428571429	63.3928571428571
38	0.357142857142857	64.2857142857143
39	0.383928571428571	61.6071428571429
40	0.375	62.5
41	0.348214285714286	65.1785714285714
42	0.357142857142857	64.2857142857143
43	0.375	62.5
44	0.348214285714286	65.1785714285714
45	0.357142857142857	64.2857142857143
46	0.357142857142857	64.2857142857143
47	0.348214285714286	65.1785714285714
48	0.321428571428571	67.8571428571429
49	0.339285714285714	66.0714285714286
50	0.330357142857143	66.9642857142857
51	0.321428571428571	67.8571428571429
52	0.3125	68.75
53	0.330357142857143	66.9642857142857
54	0.3125	68.75
55	0.303571428571429	69.6428571428571
56	0.3125	68.75
57	0.321428571428571	67.8571428571429
58	0.3125	68.75
59	0.321428571428571	67.8571428571429
60	0.3125	68.75
61	0.339285714285714	66.0714285714286
62	0.321428571428571	67.8571428571429
63	0.3125	68.75
64	0.303571428571429	69.6428571428571
65	0.294642857142857	70.5357142857143
66	0.303571428571429	69.6428571428571
67	0.294642857142857	70.5357142857143
68	0.303571428571429	69.6428571428571
69	0.285714285714286	71.4285714285714
70	0.303571428571429	69.6428571428571
71	0.3125	68.75
72	0.303571428571429	69.6428571428571
73	0.294642857142857	70.5357142857143
74	0.3125	68.75
75	0.3125	68.75
76	0.321428571428571	67.8571428571429
77	0.3125	68.75
78	0.3125	68.75
79	0.321428571428571	67.8571428571429
80	0.330357142857143	66.9642857142857
81	0.330357142857143	66.9642857142857
82	0.339285714285714	66.0714285714286
83	0.330357142857143	66.9642857142857
84	0.3125	68.75
85	0.303571428571429	69.6428571428571
86	0.321428571428571	67.8571428571429
87	0.3125	68.75
88	0.303571428571429	69.6428571428571
89	0.303571428571429	69.6428571428571
90	0.303571428571429	69.6428571428571
91	0.3125	68.75
92	0.303571428571429	69.6428571428571
93	0.294642857142857	70.5357142857143
94	0.321428571428571	67.8571428571429
95	0.3125	68.75
96	0.3125	68.75
97	0.303571428571429	69.6428571428571
98	0.3125	68.75
99	0.321428571428571	67.8571428571429
100	0.3125	68.75
101	0.321428571428571	67.8571428571429
102	0.303571428571429	69.6428571428571
103	0.303571428571429	69.6428571428571
104	0.303571428571429	69.6428571428571
105	0.303571428571429	69.6428571428571
106	0.294642857142857	70.5357142857143
107	0.285714285714286	71.4285714285714
108	0.303571428571429	69.6428571428571
109	0.303571428571429	69.6428571428571
110	0.285714285714286	71.4285714285714
111	0.285714285714286	71.4285714285714
112	0.276785714285714	72.3214285714286
113	0.294642857142857	70.5357142857143
114	0.285714285714286	71.4285714285714
115	0.276785714285714	72.3214285714286
116	0.285714285714286	71.4285714285714
117	0.276785714285714	72.3214285714286
118	0.276785714285714	72.3214285714286
119	0.285714285714286	71.4285714285714
120	0.285714285714286	71.4285714285714
121	0.285714285714286	71.4285714285714
122	0.285714285714286	71.4285714285714
123	0.276785714285714	72.3214285714286
124	0.267857142857143	73.2142857142857
125	0.267857142857143	73.2142857142857
126	0.276785714285714	72.3214285714286
127	0.276785714285714	72.3214285714286
128	0.258928571428571	74.1071428571429
129	0.258928571428571	74.1071428571429
130	0.267857142857143	73.2142857142857
131	0.276785714285714	72.3214285714286
132	0.276785714285714	72.3214285714286
133	0.267857142857143	73.2142857142857
134	0.267857142857143	73.2142857142857
135	0.285714285714286	71.4285714285714
136	0.258928571428571	74.1071428571429
137	0.25	75
138	0.258928571428571	74.1071428571429
139	0.25	75
140	0.258928571428571	74.1071428571429
141	0.25	75
142	0.258928571428571	74.1071428571429
143	0.258928571428571	74.1071428571429
144	0.258928571428571	74.1071428571429
145	0.25	75
146	0.258928571428571	74.1071428571429
147	0.25	75
148	0.25	75
149	0.25	75
150	0.258928571428571	74.1071428571429
151	0.25	75
152	0.258928571428571	74.1071428571429
153	0.267857142857143	73.2142857142857
154	0.267857142857143	73.2142857142857
155	0.267857142857143	73.2142857142857
156	0.258928571428571	74.1071428571429
157	0.258928571428571	74.1071428571429
158	0.258928571428571	74.1071428571429
159	0.258928571428571	74.1071428571429
160	0.258928571428571	74.1071428571429
161	0.267857142857143	73.2142857142857
162	0.25	75
163	0.267857142857143	73.2142857142857
164	0.258928571428571	74.1071428571429
165	0.276785714285714	72.3214285714286
166	0.258928571428571	74.1071428571429
167	0.276785714285714	72.3214285714286
168	0.276785714285714	72.3214285714286
169	0.267857142857143	73.2142857142857
170	0.303571428571429	69.6428571428571
171	0.285714285714286	71.4285714285714
172	0.294642857142857	70.5357142857143
173	0.294642857142857	70.5357142857143
174	0.294642857142857	70.5357142857143
175	0.294642857142857	70.5357142857143
176	0.285714285714286	71.4285714285714
177	0.294642857142857	70.5357142857143
178	0.294642857142857	70.5357142857143
179	0.294642857142857	70.5357142857143
180	0.285714285714286	71.4285714285714
181	0.294642857142857	70.5357142857143
182	0.285714285714286	71.4285714285714
183	0.285714285714286	71.4285714285714
184	0.285714285714286	71.4285714285714
185	0.276785714285714	72.3214285714286
186	0.294642857142857	70.5357142857143
187	0.285714285714286	71.4285714285714
188	0.285714285714286	71.4285714285714
189	0.285714285714286	71.4285714285714
190	0.285714285714286	71.4285714285714
191	0.285714285714286	71.4285714285714
192	0.285714285714286	71.4285714285714
193	0.285714285714286	71.4285714285714
194	0.276785714285714	72.3214285714286
195	0.276785714285714	72.3214285714286
196	0.294642857142857	70.5357142857143
197	0.294642857142857	70.5357142857143
198	0.294642857142857	70.5357142857143
199	0.294642857142857	70.5357142857143
200	0.285714285714286	71.4285714285714
201	0.276785714285714	72.3214285714286
202	0.285714285714286	71.4285714285714
203	0.285714285714286	71.4285714285714
204	0.285714285714286	71.4285714285714
205	0.285714285714286	71.4285714285714
206	0.285714285714286	71.4285714285714
207	0.276785714285714	72.3214285714286
208	0.276785714285714	72.3214285714286
209	0.285714285714286	71.4285714285714
210	0.294642857142857	70.5357142857143
211	0.294642857142857	70.5357142857143
212	0.294642857142857	70.5357142857143
213	0.294642857142857	70.5357142857143
214	0.285714285714286	71.4285714285714
215	0.285714285714286	71.4285714285714
216	0.294642857142857	70.5357142857143
217	0.276785714285714	72.3214285714286
218	0.276785714285714	72.3214285714286
219	0.276785714285714	72.3214285714286
220	0.276785714285714	72.3214285714286
221	0.276785714285714	72.3214285714286
222	0.267857142857143	73.2142857142857
223	0.276785714285714	72.3214285714286
224	0.276785714285714	72.3214285714286
225	0.267857142857143	73.2142857142857
226	0.267857142857143	73.2142857142857
227	0.267857142857143	73.2142857142857
228	0.267857142857143	73.2142857142857
229	0.276785714285714	72.3214285714286
230	0.276785714285714	72.3214285714286
231	0.276785714285714	72.3214285714286
232	0.276785714285714	72.3214285714286
233	0.267857142857143	73.2142857142857
234	0.267857142857143	73.2142857142857
235	0.267857142857143	73.2142857142857
236	0.267857142857143	73.2142857142857
237	0.258928571428571	74.1071428571429
238	0.258928571428571	74.1071428571429
239	0.267857142857143	73.2142857142857
240	0.267857142857143	73.2142857142857
241	0.267857142857143	73.2142857142857
242	0.267857142857143	73.2142857142857
243	0.267857142857143	73.2142857142857
244	0.276785714285714	72.3214285714286
245	0.276785714285714	72.3214285714286
246	0.267857142857143	73.2142857142857
247	0.267857142857143	73.2142857142857
248	0.267857142857143	73.2142857142857
249	0.267857142857143	73.2142857142857
250	0.267857142857143	73.2142857142857
251	0.267857142857143	73.2142857142857
252	0.267857142857143	73.2142857142857
253	0.267857142857143	73.2142857142857
254	0.267857142857143	73.2142857142857
255	0.267857142857143	73.2142857142857
256	0.267857142857143	73.2142857142857
257	0.267857142857143	73.2142857142857
258	0.267857142857143	73.2142857142857
259	0.267857142857143	73.2142857142857
260	0.267857142857143	73.2142857142857
261	0.267857142857143	73.2142857142857
262	0.276785714285714	72.3214285714286
263	0.276785714285714	72.3214285714286
264	0.285714285714286	71.4285714285714
265	0.276785714285714	72.3214285714286
266	0.285714285714286	71.4285714285714
267	0.285714285714286	71.4285714285714
268	0.276785714285714	72.3214285714286
269	0.276785714285714	72.3214285714286
270	0.276785714285714	72.3214285714286
271	0.276785714285714	72.3214285714286
272	0.276785714285714	72.3214285714286
273	0.276785714285714	72.3214285714286
274	0.276785714285714	72.3214285714286
275	0.276785714285714	72.3214285714286
276	0.276785714285714	72.3214285714286
277	0.285714285714286	71.4285714285714
278	0.285714285714286	71.4285714285714
279	0.285714285714286	71.4285714285714
280	0.285714285714286	71.4285714285714
281	0.294642857142857	70.5357142857143
282	0.294642857142857	70.5357142857143
283	0.276785714285714	72.3214285714286
284	0.285714285714286	71.4285714285714
285	0.276785714285714	72.3214285714286
286	0.267857142857143	73.2142857142857
287	0.276785714285714	72.3214285714286
288	0.258928571428571	74.1071428571429
289	0.276785714285714	72.3214285714286
290	0.285714285714286	71.4285714285714
291	0.276785714285714	72.3214285714286
292	0.276785714285714	72.3214285714286
293	0.267857142857143	73.2142857142857
294	0.267857142857143	73.2142857142857
295	0.267857142857143	73.2142857142857
296	0.267857142857143	73.2142857142857
297	0.267857142857143	73.2142857142857
298	0.267857142857143	73.2142857142857
299	0.267857142857143	73.2142857142857
300	0.267857142857143	73.2142857142857
301	0.25	75
302	0.25	75
303	0.258928571428571	74.1071428571429
304	0.25	75
305	0.258928571428571	74.1071428571429
306	0.267857142857143	73.2142857142857
307	0.258928571428571	74.1071428571429
308	0.258928571428571	74.1071428571429
309	0.267857142857143	73.2142857142857
310	0.258928571428571	74.1071428571429
311	0.258928571428571	74.1071428571429
312	0.267857142857143	73.2142857142857
313	0.258928571428571	74.1071428571429
314	0.25	75
315	0.25	75
316	0.258928571428571	74.1071428571429
317	0.258928571428571	74.1071428571429
318	0.258928571428571	74.1071428571429
319	0.267857142857143	73.2142857142857
320	0.267857142857143	73.2142857142857
321	0.267857142857143	73.2142857142857
322	0.258928571428571	74.1071428571429
323	0.267857142857143	73.2142857142857
324	0.267857142857143	73.2142857142857
325	0.267857142857143	73.2142857142857
326	0.267857142857143	73.2142857142857
327	0.267857142857143	73.2142857142857
328	0.267857142857143	73.2142857142857
329	0.285714285714286	71.4285714285714
330	0.276785714285714	72.3214285714286
331	0.267857142857143	73.2142857142857
332	0.276785714285714	72.3214285714286
333	0.267857142857143	73.2142857142857
334	0.267857142857143	73.2142857142857
335	0.267857142857143	73.2142857142857
336	0.267857142857143	73.2142857142857
337	0.276785714285714	72.3214285714286
338	0.276785714285714	72.3214285714286
339	0.285714285714286	71.4285714285714
340	0.267857142857143	73.2142857142857
341	0.267857142857143	73.2142857142857
342	0.258928571428571	74.1071428571429
343	0.267857142857143	73.2142857142857
344	0.258928571428571	74.1071428571429
345	0.258928571428571	74.1071428571429
346	0.258928571428571	74.1071428571429
347	0.258928571428571	74.1071428571429
348	0.258928571428571	74.1071428571429
349	0.276785714285714	72.3214285714286
350	0.258928571428571	74.1071428571429
351	0.267857142857143	73.2142857142857
352	0.276785714285714	72.3214285714286
353	0.276785714285714	72.3214285714286
354	0.285714285714286	71.4285714285714
355	0.285714285714286	71.4285714285714
356	0.276785714285714	72.3214285714286
357	0.276785714285714	72.3214285714286
358	0.267857142857143	73.2142857142857
359	0.267857142857143	73.2142857142857
360	0.258928571428571	74.1071428571429
361	0.267857142857143	73.2142857142857
362	0.258928571428571	74.1071428571429
363	0.258928571428571	74.1071428571429
364	0.267857142857143	73.2142857142857
365	0.258928571428571	74.1071428571429
366	0.267857142857143	73.2142857142857
367	0.267857142857143	73.2142857142857
368	0.276785714285714	72.3214285714286
369	0.267857142857143	73.2142857142857
370	0.285714285714286	71.4285714285714
371	0.285714285714286	71.4285714285714
372	0.276785714285714	72.3214285714286
373	0.276785714285714	72.3214285714286
374	0.276785714285714	72.3214285714286
375	0.276785714285714	72.3214285714286
376	0.276785714285714	72.3214285714286
377	0.276785714285714	72.3214285714286
378	0.276785714285714	72.3214285714286
379	0.276785714285714	72.3214285714286
380	0.276785714285714	72.3214285714286
381	0.276785714285714	72.3214285714286
382	0.276785714285714	72.3214285714286
383	0.276785714285714	72.3214285714286
384	0.276785714285714	72.3214285714286
385	0.267857142857143	73.2142857142857
386	0.267857142857143	73.2142857142857
387	0.267857142857143	73.2142857142857
388	0.267857142857143	73.2142857142857
389	0.276785714285714	72.3214285714286
390	0.267857142857143	73.2142857142857
391	0.276785714285714	72.3214285714286
392	0.267857142857143	73.2142857142857
393	0.267857142857143	73.2142857142857
394	0.276785714285714	72.3214285714286
395	0.276785714285714	72.3214285714286
396	0.276785714285714	72.3214285714286
397	0.276785714285714	72.3214285714286
398	0.285714285714286	71.4285714285714
399	0.285714285714286	71.4285714285714
400	0.285714285714286	71.4285714285714
401	0.276785714285714	72.3214285714286
402	0.276785714285714	72.3214285714286
403	0.276785714285714	72.3214285714286
404	0.285714285714286	71.4285714285714
405	0.276785714285714	72.3214285714286
406	0.285714285714286	71.4285714285714
407	0.285714285714286	71.4285714285714
408	0.285714285714286	71.4285714285714
409	0.294642857142857	70.5357142857143
410	0.285714285714286	71.4285714285714
411	0.294642857142857	70.5357142857143
412	0.285714285714286	71.4285714285714
413	0.294642857142857	70.5357142857143
414	0.285714285714286	71.4285714285714
415	0.285714285714286	71.4285714285714
416	0.285714285714286	71.4285714285714
417	0.294642857142857	70.5357142857143
418	0.285714285714286	71.4285714285714
419	0.294642857142857	70.5357142857143
420	0.285714285714286	71.4285714285714
421	0.285714285714286	71.4285714285714
422	0.294642857142857	70.5357142857143
423	0.303571428571429	69.6428571428571
424	0.294642857142857	70.5357142857143
425	0.285714285714286	71.4285714285714
426	0.285714285714286	71.4285714285714
427	0.294642857142857	70.5357142857143
428	0.294642857142857	70.5357142857143
429	0.285714285714286	71.4285714285714
430	0.285714285714286	71.4285714285714
431	0.285714285714286	71.4285714285714
432	0.285714285714286	71.4285714285714
433	0.285714285714286	71.4285714285714
434	0.285714285714286	71.4285714285714
435	0.285714285714286	71.4285714285714
436	0.285714285714286	71.4285714285714
437	0.285714285714286	71.4285714285714
438	0.285714285714286	71.4285714285714
439	0.285714285714286	71.4285714285714
440	0.285714285714286	71.4285714285714
441	0.285714285714286	71.4285714285714
442	0.285714285714286	71.4285714285714
443	0.285714285714286	71.4285714285714
444	0.285714285714286	71.4285714285714
445	0.285714285714286	71.4285714285714
446	0.285714285714286	71.4285714285714
447	0.285714285714286	71.4285714285714
448	0.285714285714286	71.4285714285714
449	0.285714285714286	71.4285714285714
450	0.285714285714286	71.4285714285714
451	0.285714285714286	71.4285714285714
452	0.285714285714286	71.4285714285714
453	0.285714285714286	71.4285714285714
454	0.294642857142857	70.5357142857143
455	0.276785714285714	72.3214285714286
456	0.285714285714286	71.4285714285714
457	0.285714285714286	71.4285714285714
458	0.285714285714286	71.4285714285714
459	0.285714285714286	71.4285714285714
460	0.285714285714286	71.4285714285714
461	0.294642857142857	70.5357142857143
462	0.294642857142857	70.5357142857143
463	0.294642857142857	70.5357142857143
464	0.294642857142857	70.5357142857143
465	0.294642857142857	70.5357142857143
466	0.294642857142857	70.5357142857143
467	0.294642857142857	70.5357142857143
468	0.294642857142857	70.5357142857143
469	0.285714285714286	71.4285714285714
470	0.285714285714286	71.4285714285714
471	0.285714285714286	71.4285714285714
472	0.285714285714286	71.4285714285714
473	0.285714285714286	71.4285714285714
474	0.285714285714286	71.4285714285714
475	0.285714285714286	71.4285714285714
476	0.294642857142857	70.5357142857143
477	0.285714285714286	71.4285714285714
478	0.285714285714286	71.4285714285714
479	0.285714285714286	71.4285714285714
480	0.285714285714286	71.4285714285714
481	0.285714285714286	71.4285714285714
482	0.285714285714286	71.4285714285714
483	0.285714285714286	71.4285714285714
484	0.285714285714286	71.4285714285714
485	0.285714285714286	71.4285714285714
486	0.285714285714286	71.4285714285714
487	0.285714285714286	71.4285714285714
488	0.285714285714286	71.4285714285714
489	0.285714285714286	71.4285714285714
490	0.285714285714286	71.4285714285714
491	0.285714285714286	71.4285714285714
492	0.285714285714286	71.4285714285714
493	0.285714285714286	71.4285714285714
494	0.285714285714286	71.4285714285714
495	0.285714285714286	71.4285714285714
496	0.285714285714286	71.4285714285714
497	0.285714285714286	71.4285714285714
498	0.285714285714286	71.4285714285714
499	0.285714285714286	71.4285714285714
500	0.285714285714286	71.4285714285714
501	0.285714285714286	71.4285714285714
502	0.285714285714286	71.4285714285714
503	0.285714285714286	71.4285714285714
504	0.285714285714286	71.4285714285714
505	0.285714285714286	71.4285714285714
506	0.285714285714286	71.4285714285714
507	0.285714285714286	71.4285714285714
508	0.285714285714286	71.4285714285714
509	0.285714285714286	71.4285714285714
510	0.285714285714286	71.4285714285714
511	0.285714285714286	71.4285714285714
512	0.285714285714286	71.4285714285714
513	0.285714285714286	71.4285714285714
514	0.285714285714286	71.4285714285714
515	0.285714285714286	71.4285714285714
516	0.285714285714286	71.4285714285714
517	0.285714285714286	71.4285714285714
518	0.285714285714286	71.4285714285714
519	0.285714285714286	71.4285714285714
520	0.285714285714286	71.4285714285714
521	0.285714285714286	71.4285714285714
522	0.285714285714286	71.4285714285714
523	0.285714285714286	71.4285714285714
524	0.285714285714286	71.4285714285714
525	0.285714285714286	71.4285714285714
526	0.294642857142857	70.5357142857143
527	0.294642857142857	70.5357142857143
528	0.303571428571429	69.6428571428571
529	0.294642857142857	70.5357142857143
530	0.294642857142857	70.5357142857143
531	0.303571428571429	69.6428571428571
532	0.294642857142857	70.5357142857143
533	0.303571428571429	69.6428571428571
534	0.285714285714286	71.4285714285714
535	0.294642857142857	70.5357142857143
536	0.294642857142857	70.5357142857143
537	0.285714285714286	71.4285714285714
538	0.285714285714286	71.4285714285714
539	0.294642857142857	70.5357142857143
540	0.285714285714286	71.4285714285714
541	0.294642857142857	70.5357142857143
542	0.294642857142857	70.5357142857143
543	0.285714285714286	71.4285714285714
544	0.294642857142857	70.5357142857143
545	0.294642857142857	70.5357142857143
546	0.294642857142857	70.5357142857143
547	0.285714285714286	71.4285714285714
548	0.294642857142857	70.5357142857143
549	0.294642857142857	70.5357142857143
550	0.303571428571429	69.6428571428571
551	0.294642857142857	70.5357142857143
552	0.303571428571429	69.6428571428571
553	0.3125	68.75
554	0.303571428571429	69.6428571428571
555	0.294642857142857	70.5357142857143
556	0.294642857142857	70.5357142857143
557	0.303571428571429	69.6428571428571
558	0.294642857142857	70.5357142857143
559	0.285714285714286	71.4285714285714
560	0.285714285714286	71.4285714285714
561	0.285714285714286	71.4285714285714
562	0.285714285714286	71.4285714285714
563	0.285714285714286	71.4285714285714
564	0.285714285714286	71.4285714285714
565	0.285714285714286	71.4285714285714
566	0.294642857142857	70.5357142857143
567	0.294642857142857	70.5357142857143
568	0.294642857142857	70.5357142857143
569	0.276785714285714	72.3214285714286
570	0.276785714285714	72.3214285714286
571	0.276785714285714	72.3214285714286
572	0.285714285714286	71.4285714285714
573	0.285714285714286	71.4285714285714
574	0.276785714285714	72.3214285714286
575	0.276785714285714	72.3214285714286
576	0.276785714285714	72.3214285714286
577	0.276785714285714	72.3214285714286
578	0.276785714285714	72.3214285714286
579	0.276785714285714	72.3214285714286
580	0.276785714285714	72.3214285714286
581	0.276785714285714	72.3214285714286
582	0.276785714285714	72.3214285714286
583	0.276785714285714	72.3214285714286
584	0.276785714285714	72.3214285714286
585	0.276785714285714	72.3214285714286
586	0.276785714285714	72.3214285714286
587	0.276785714285714	72.3214285714286
588	0.276785714285714	72.3214285714286
589	0.285714285714286	71.4285714285714
590	0.285714285714286	71.4285714285714
591	0.276785714285714	72.3214285714286
592	0.285714285714286	71.4285714285714
593	0.285714285714286	71.4285714285714
594	0.285714285714286	71.4285714285714
595	0.276785714285714	72.3214285714286
596	0.276785714285714	72.3214285714286
597	0.276785714285714	72.3214285714286
598	0.276785714285714	72.3214285714286
599	0.276785714285714	72.3214285714286
600	0.276785714285714	72.3214285714286
601	0.276785714285714	72.3214285714286
602	0.276785714285714	72.3214285714286
603	0.285714285714286	71.4285714285714
604	0.276785714285714	72.3214285714286
605	0.285714285714286	71.4285714285714
606	0.276785714285714	72.3214285714286
607	0.276785714285714	72.3214285714286
608	0.267857142857143	73.2142857142857
609	0.276785714285714	72.3214285714286
610	0.276785714285714	72.3214285714286
611	0.276785714285714	72.3214285714286
612	0.276785714285714	72.3214285714286
613	0.276785714285714	72.3214285714286
614	0.267857142857143	73.2142857142857
615	0.276785714285714	72.3214285714286
616	0.276785714285714	72.3214285714286
617	0.276785714285714	72.3214285714286
618	0.276785714285714	72.3214285714286
619	0.276785714285714	72.3214285714286
620	0.276785714285714	72.3214285714286
621	0.276785714285714	72.3214285714286
622	0.276785714285714	72.3214285714286
623	0.276785714285714	72.3214285714286
624	0.276785714285714	72.3214285714286
625	0.276785714285714	72.3214285714286
626	0.285714285714286	71.4285714285714
627	0.285714285714286	71.4285714285714
628	0.285714285714286	71.4285714285714
629	0.276785714285714	72.3214285714286
630	0.285714285714286	71.4285714285714
631	0.276785714285714	72.3214285714286
632	0.285714285714286	71.4285714285714
633	0.276785714285714	72.3214285714286
634	0.276785714285714	72.3214285714286
635	0.276785714285714	72.3214285714286
636	0.285714285714286	71.4285714285714
637	0.285714285714286	71.4285714285714
638	0.285714285714286	71.4285714285714
639	0.285714285714286	71.4285714285714
640	0.285714285714286	71.4285714285714
641	0.285714285714286	71.4285714285714
642	0.285714285714286	71.4285714285714
643	0.285714285714286	71.4285714285714
644	0.285714285714286	71.4285714285714
645	0.285714285714286	71.4285714285714
646	0.285714285714286	71.4285714285714
647	0.285714285714286	71.4285714285714
648	0.285714285714286	71.4285714285714
649	0.285714285714286	71.4285714285714
650	0.285714285714286	71.4285714285714
651	0.285714285714286	71.4285714285714
652	0.285714285714286	71.4285714285714
653	0.285714285714286	71.4285714285714
654	0.285714285714286	71.4285714285714
655	0.285714285714286	71.4285714285714
656	0.285714285714286	71.4285714285714
657	0.285714285714286	71.4285714285714
658	0.285714285714286	71.4285714285714
659	0.285714285714286	71.4285714285714
660	0.285714285714286	71.4285714285714
661	0.285714285714286	71.4285714285714
662	0.285714285714286	71.4285714285714
663	0.285714285714286	71.4285714285714
664	0.285714285714286	71.4285714285714
665	0.285714285714286	71.4285714285714
666	0.285714285714286	71.4285714285714
667	0.285714285714286	71.4285714285714
668	0.285714285714286	71.4285714285714
669	0.285714285714286	71.4285714285714
670	0.285714285714286	71.4285714285714
671	0.285714285714286	71.4285714285714
672	0.285714285714286	71.4285714285714
673	0.285714285714286	71.4285714285714
674	0.276785714285714	72.3214285714286
675	0.276785714285714	72.3214285714286
676	0.276785714285714	72.3214285714286
677	0.276785714285714	72.3214285714286
678	0.285714285714286	71.4285714285714
679	0.276785714285714	72.3214285714286
680	0.285714285714286	71.4285714285714
681	0.285714285714286	71.4285714285714
682	0.285714285714286	71.4285714285714
683	0.285714285714286	71.4285714285714
684	0.285714285714286	71.4285714285714
685	0.285714285714286	71.4285714285714
686	0.285714285714286	71.4285714285714
687	0.285714285714286	71.4285714285714
688	0.285714285714286	71.4285714285714
689	0.285714285714286	71.4285714285714
690	0.285714285714286	71.4285714285714
691	0.285714285714286	71.4285714285714
692	0.285714285714286	71.4285714285714
693	0.285714285714286	71.4285714285714
694	0.285714285714286	71.4285714285714
695	0.285714285714286	71.4285714285714
696	0.285714285714286	71.4285714285714
697	0.285714285714286	71.4285714285714
698	0.285714285714286	71.4285714285714
699	0.285714285714286	71.4285714285714
700	0.285714285714286	71.4285714285714
701	0.276785714285714	72.3214285714286
702	0.276785714285714	72.3214285714286
703	0.285714285714286	71.4285714285714
704	0.285714285714286	71.4285714285714
705	0.285714285714286	71.4285714285714
706	0.285714285714286	71.4285714285714
707	0.285714285714286	71.4285714285714
708	0.285714285714286	71.4285714285714
709	0.285714285714286	71.4285714285714
710	0.276785714285714	72.3214285714286
711	0.276785714285714	72.3214285714286
712	0.276785714285714	72.3214285714286
713	0.276785714285714	72.3214285714286
714	0.276785714285714	72.3214285714286
715	0.276785714285714	72.3214285714286
716	0.285714285714286	71.4285714285714
717	0.285714285714286	71.4285714285714
718	0.285714285714286	71.4285714285714
719	0.276785714285714	72.3214285714286
720	0.276785714285714	72.3214285714286
721	0.276785714285714	72.3214285714286
722	0.276785714285714	72.3214285714286
723	0.276785714285714	72.3214285714286
724	0.276785714285714	72.3214285714286
725	0.276785714285714	72.3214285714286
726	0.276785714285714	72.3214285714286
727	0.276785714285714	72.3214285714286
728	0.276785714285714	72.3214285714286
729	0.276785714285714	72.3214285714286
730	0.276785714285714	72.3214285714286
731	0.276785714285714	72.3214285714286
732	0.276785714285714	72.3214285714286
733	0.276785714285714	72.3214285714286
734	0.276785714285714	72.3214285714286
735	0.276785714285714	72.3214285714286
736	0.276785714285714	72.3214285714286
737	0.276785714285714	72.3214285714286
738	0.276785714285714	72.3214285714286
739	0.276785714285714	72.3214285714286
740	0.276785714285714	72.3214285714286
741	0.276785714285714	72.3214285714286
742	0.276785714285714	72.3214285714286
743	0.276785714285714	72.3214285714286
744	0.276785714285714	72.3214285714286
745	0.276785714285714	72.3214285714286
746	0.276785714285714	72.3214285714286
747	0.276785714285714	72.3214285714286
748	0.285714285714286	71.4285714285714
749	0.276785714285714	72.3214285714286
750	0.276785714285714	72.3214285714286
751	0.285714285714286	71.4285714285714
752	0.285714285714286	71.4285714285714
753	0.276785714285714	72.3214285714286
754	0.276785714285714	72.3214285714286
755	0.276785714285714	72.3214285714286
756	0.276785714285714	72.3214285714286
757	0.276785714285714	72.3214285714286
758	0.276785714285714	72.3214285714286
759	0.276785714285714	72.3214285714286
760	0.276785714285714	72.3214285714286
761	0.285714285714286	71.4285714285714
762	0.285714285714286	71.4285714285714
763	0.285714285714286	71.4285714285714
764	0.285714285714286	71.4285714285714
765	0.285714285714286	71.4285714285714
766	0.285714285714286	71.4285714285714
767	0.285714285714286	71.4285714285714
768	0.285714285714286	71.4285714285714
769	0.285714285714286	71.4285714285714
770	0.285714285714286	71.4285714285714
771	0.285714285714286	71.4285714285714
772	0.285714285714286	71.4285714285714
773	0.285714285714286	71.4285714285714
774	0.285714285714286	71.4285714285714
775	0.285714285714286	71.4285714285714
776	0.285714285714286	71.4285714285714
777	0.285714285714286	71.4285714285714
778	0.285714285714286	71.4285714285714
779	0.285714285714286	71.4285714285714
780	0.285714285714286	71.4285714285714
781	0.285714285714286	71.4285714285714
782	0.285714285714286	71.4285714285714
783	0.285714285714286	71.4285714285714
784	0.285714285714286	71.4285714285714
785	0.285714285714286	71.4285714285714
786	0.285714285714286	71.4285714285714
787	0.285714285714286	71.4285714285714
788	0.285714285714286	71.4285714285714
789	0.285714285714286	71.4285714285714
790	0.276785714285714	72.3214285714286
791	0.276785714285714	72.3214285714286
792	0.285714285714286	71.4285714285714
793	0.276785714285714	72.3214285714286
794	0.276785714285714	72.3214285714286
795	0.276785714285714	72.3214285714286
796	0.276785714285714	72.3214285714286
797	0.276785714285714	72.3214285714286
798	0.276785714285714	72.3214285714286
799	0.276785714285714	72.3214285714286
800	0.285714285714286	71.4285714285714
801	0.285714285714286	71.4285714285714
802	0.285714285714286	71.4285714285714
803	0.285714285714286	71.4285714285714
804	0.285714285714286	71.4285714285714
805	0.285714285714286	71.4285714285714
806	0.285714285714286	71.4285714285714
807	0.285714285714286	71.4285714285714
808	0.285714285714286	71.4285714285714
809	0.285714285714286	71.4285714285714
810	0.285714285714286	71.4285714285714
811	0.285714285714286	71.4285714285714
812	0.285714285714286	71.4285714285714
813	0.285714285714286	71.4285714285714
814	0.285714285714286	71.4285714285714
815	0.285714285714286	71.4285714285714
816	0.285714285714286	71.4285714285714
817	0.285714285714286	71.4285714285714
818	0.285714285714286	71.4285714285714
819	0.285714285714286	71.4285714285714
820	0.285714285714286	71.4285714285714
821	0.285714285714286	71.4285714285714
822	0.285714285714286	71.4285714285714
823	0.285714285714286	71.4285714285714
824	0.285714285714286	71.4285714285714
825	0.285714285714286	71.4285714285714
826	0.285714285714286	71.4285714285714
827	0.285714285714286	71.4285714285714
828	0.285714285714286	71.4285714285714
829	0.285714285714286	71.4285714285714
830	0.285714285714286	71.4285714285714
831	0.285714285714286	71.4285714285714
832	0.285714285714286	71.4285714285714
833	0.285714285714286	71.4285714285714
834	0.285714285714286	71.4285714285714
835	0.285714285714286	71.4285714285714
836	0.285714285714286	71.4285714285714
837	0.285714285714286	71.4285714285714
838	0.285714285714286	71.4285714285714
839	0.285714285714286	71.4285714285714
840	0.285714285714286	71.4285714285714
841	0.285714285714286	71.4285714285714
842	0.285714285714286	71.4285714285714
843	0.285714285714286	71.4285714285714
844	0.285714285714286	71.4285714285714
845	0.285714285714286	71.4285714285714
846	0.285714285714286	71.4285714285714
847	0.285714285714286	71.4285714285714
848	0.285714285714286	71.4285714285714
849	0.285714285714286	71.4285714285714
850	0.285714285714286	71.4285714285714
851	0.285714285714286	71.4285714285714
852	0.285714285714286	71.4285714285714
853	0.285714285714286	71.4285714285714
854	0.285714285714286	71.4285714285714
855	0.285714285714286	71.4285714285714
856	0.285714285714286	71.4285714285714
857	0.285714285714286	71.4285714285714
858	0.294642857142857	70.5357142857143
859	0.285714285714286	71.4285714285714
860	0.285714285714286	71.4285714285714
861	0.285714285714286	71.4285714285714
862	0.285714285714286	71.4285714285714
863	0.285714285714286	71.4285714285714
864	0.294642857142857	70.5357142857143
865	0.294642857142857	70.5357142857143
866	0.294642857142857	70.5357142857143
867	0.294642857142857	70.5357142857143
868	0.294642857142857	70.5357142857143
869	0.294642857142857	70.5357142857143
870	0.294642857142857	70.5357142857143
871	0.294642857142857	70.5357142857143
872	0.294642857142857	70.5357142857143
873	0.294642857142857	70.5357142857143
874	0.294642857142857	70.5357142857143
875	0.294642857142857	70.5357142857143
876	0.294642857142857	70.5357142857143
877	0.294642857142857	70.5357142857143
878	0.294642857142857	70.5357142857143
879	0.294642857142857	70.5357142857143
880	0.285714285714286	71.4285714285714
881	0.294642857142857	70.5357142857143
882	0.294642857142857	70.5357142857143
883	0.285714285714286	71.4285714285714
884	0.294642857142857	70.5357142857143
885	0.294642857142857	70.5357142857143
886	0.285714285714286	71.4285714285714
887	0.285714285714286	71.4285714285714
888	0.285714285714286	71.4285714285714
889	0.285714285714286	71.4285714285714
890	0.285714285714286	71.4285714285714
891	0.285714285714286	71.4285714285714
892	0.285714285714286	71.4285714285714
893	0.285714285714286	71.4285714285714
894	0.285714285714286	71.4285714285714
895	0.285714285714286	71.4285714285714
896	0.285714285714286	71.4285714285714
897	0.285714285714286	71.4285714285714
898	0.285714285714286	71.4285714285714
899	0.285714285714286	71.4285714285714
900	0.285714285714286	71.4285714285714
901	0.285714285714286	71.4285714285714
902	0.294642857142857	70.5357142857143
903	0.294642857142857	70.5357142857143
904	0.294642857142857	70.5357142857143
905	0.294642857142857	70.5357142857143
906	0.285714285714286	71.4285714285714
907	0.294642857142857	70.5357142857143
908	0.294642857142857	70.5357142857143
909	0.285714285714286	71.4285714285714
910	0.285714285714286	71.4285714285714
911	0.294642857142857	70.5357142857143
912	0.285714285714286	71.4285714285714
913	0.294642857142857	70.5357142857143
914	0.285714285714286	71.4285714285714
915	0.285714285714286	71.4285714285714
916	0.285714285714286	71.4285714285714
917	0.285714285714286	71.4285714285714
918	0.285714285714286	71.4285714285714
919	0.285714285714286	71.4285714285714
920	0.285714285714286	71.4285714285714
921	0.285714285714286	71.4285714285714
922	0.285714285714286	71.4285714285714
923	0.285714285714286	71.4285714285714
924	0.285714285714286	71.4285714285714
925	0.285714285714286	71.4285714285714
926	0.285714285714286	71.4285714285714
927	0.285714285714286	71.4285714285714
928	0.285714285714286	71.4285714285714
929	0.285714285714286	71.4285714285714
930	0.285714285714286	71.4285714285714
931	0.285714285714286	71.4285714285714
932	0.294642857142857	70.5357142857143
933	0.294642857142857	70.5357142857143
934	0.294642857142857	70.5357142857143
935	0.294642857142857	70.5357142857143
936	0.294642857142857	70.5357142857143
937	0.294642857142857	70.5357142857143
938	0.294642857142857	70.5357142857143
939	0.294642857142857	70.5357142857143
940	0.294642857142857	70.5357142857143
941	0.294642857142857	70.5357142857143
942	0.294642857142857	70.5357142857143
943	0.294642857142857	70.5357142857143
944	0.294642857142857	70.5357142857143
945	0.294642857142857	70.5357142857143
946	0.294642857142857	70.5357142857143
947	0.294642857142857	70.5357142857143
948	0.294642857142857	70.5357142857143
949	0.294642857142857	70.5357142857143
950	0.294642857142857	70.5357142857143
951	0.294642857142857	70.5357142857143
952	0.294642857142857	70.5357142857143
953	0.294642857142857	70.5357142857143
954	0.294642857142857	70.5357142857143
955	0.294642857142857	70.5357142857143
956	0.294642857142857	70.5357142857143
957	0.294642857142857	70.5357142857143
958	0.294642857142857	70.5357142857143
959	0.294642857142857	70.5357142857143
960	0.294642857142857	70.5357142857143
961	0.294642857142857	70.5357142857143
962	0.294642857142857	70.5357142857143
963	0.294642857142857	70.5357142857143
964	0.294642857142857	70.5357142857143
965	0.294642857142857	70.5357142857143
966	0.294642857142857	70.5357142857143
967	0.294642857142857	70.5357142857143
968	0.294642857142857	70.5357142857143
969	0.294642857142857	70.5357142857143
970	0.294642857142857	70.5357142857143
971	0.294642857142857	70.5357142857143
972	0.294642857142857	70.5357142857143
973	0.294642857142857	70.5357142857143
974	0.294642857142857	70.5357142857143
975	0.294642857142857	70.5357142857143
976	0.294642857142857	70.5357142857143
977	0.294642857142857	70.5357142857143
978	0.294642857142857	70.5357142857143
979	0.294642857142857	70.5357142857143
980	0.294642857142857	70.5357142857143
981	0.294642857142857	70.5357142857143
982	0.294642857142857	70.5357142857143
983	0.294642857142857	70.5357142857143
984	0.285714285714286	71.4285714285714
985	0.294642857142857	70.5357142857143
986	0.294642857142857	70.5357142857143
987	0.294642857142857	70.5357142857143
988	0.294642857142857	70.5357142857143
989	0.294642857142857	70.5357142857143
990	0.294642857142857	70.5357142857143
991	0.294642857142857	70.5357142857143
992	0.294642857142857	70.5357142857143
993	0.294642857142857	70.5357142857143
994	0.294642857142857	70.5357142857143
995	0.294642857142857	70.5357142857143
996	0.294642857142857	70.5357142857143
997	0.294642857142857	70.5357142857143
998	0.294642857142857	70.5357142857143
999	0.285714285714286	71.4285714285714
1000	0.285714285714286	71.4285714285714
