Eta	MaxDepth	Gamma	ColsampleByTree	MinChildWeight	subsample	nrounds	Accuracy	Kappa	AccuracySD	KappaSD
0.1	2	0	0.2	1	1	10	0.781110955151182	0.105214495833464	0.0611449663902976	0.138041806570028
0.1	2	0	0.2	10	1	10	0.783611109261679	0.0354387684163874	0.0620163293200241	0.105924965396247
0.1	2	0	0.2	20	1	10	0.781140425052502	0	0.0597593543862773	0
0.1	2	0	0.6	1	1	10	0.766177706686138	0.144000483797735	0.0534307775798846	0.141152572044829
0.1	2	0	0.6	10	1	10	0.773831244211256	0.0456476917688007	0.0607643882329114	0.10441531149321
0.1	2	0	0.6	20	1	10	0.781140425052502	0	0.0597593543862773	0
0.1	2	0	1	1	1	10	0.76127723475727	0.153775871060309	0.0603635382363711	0.142310414139116
0.1	2	0	1	10	1	10	0.768224484906029	0.0694768437096409	0.0636572114558444	0.127723667695984
0.1	2	0	1	20	1	10	0.781140425052502	0	0.0597593543862773	0
0.1	2	1	0.2	1	1	10	0.777768669316168	0.0900710293831945	0.0594308154417709	0.133386299528641
0.1	2	1	0.2	10	1	10	0.779432843469144	0.0103304583484198	0.0595128576802988	0.0499135888540694
0.1	2	1	0.2	20	1	10	0.781140425052502	0	0.0597593543862773	0
0.1	2	1	0.6	1	1	10	0.761855009025131	0.128980731569138	0.0614658931488067	0.14125706886077
0.1	2	1	0.6	10	1	10	0.773220565219864	0.0580647981288811	0.0572683336496511	0.0999144860940546
0.1	2	1	0.6	20	1	10	0.781140425052502	0	0.0597593543862773	0
0.1	2	1	1	1	1	10	0.763389205405826	0.157034471684547	0.0590560275857122	0.144565294816661
0.1	2	1	1	10	1	10	0.768224484906029	0.0694768437096409	0.0636572114558444	0.127723667695984
0.1	2	1	1	20	1	10	0.781140425052502	0	0.0597593543862773	0
0.1	2	1.5	0.2	1	1	10	0.780908646044423	0.102389114579285	0.0601097397794549	0.152795503540313
0.1	2	1.5	0.2	10	1	10	0.778771444826379	0.00998057440096436	0.058520479427178	0.0628675462202887
0.1	2	1.5	0.2	20	1	10	0.781140425052502	0	0.0597593543862773	0
0.1	2	1.5	0.6	1	1	10	0.770406386464509	0.156761932375881	0.0569952905550552	0.140715241528888
0.1	2	1.5	0.6	10	1	10	0.769055597312358	0.0462084391851333	0.0641027054714825	0.106501251721157
0.1	2	1.5	0.6	20	1	10	0.781140425052502	0	0.0597593543862773	0
0.1	2	1.5	1	1	1	10	0.76202556904219	0.151263777541684	0.0589689191840458	0.141468339569002
0.1	2	1.5	1	10	1	10	0.768224484906029	0.0694768437096409	0.0636572114558444	0.127723667695984
0.1	2	1.5	1	20	1	10	0.781140425052502	0	0.0597593543862773	0
0.3	2	0	0.2	1	1	10	0.783439672215836	0.163322850823136	0.0640246543052698	0.158267147532072
0.3	2	0	0.2	10	1	10	0.78215984756197	0.0519820735867495	0.0632267977090203	0.137355313383024
0.3	2	0	0.2	20	1	10	0.781140425052502	0	0.0597593543862773	0
0.3	2	0	0.6	1	1	10	0.768659328414634	0.154908988716361	0.0585509862738071	0.170915874928038
0.3	2	0	0.6	10	1	10	0.778699139877711	0.0810681715388239	0.0641243442907703	0.150390410799977
0.3	2	0	0.6	20	1	10	0.781140425052502	0	0.0597593543862773	0
0.3	2	0	1	1	1	10	0.771904517690733	0.1763775627892	0.0569416729248126	0.157841121763585
0.3	2	0	1	10	1	10	0.775316947830998	0.0769237392227054	0.0639789837213197	0.149676843277649
0.3	2	0	1	20	1	10	0.781140425052502	0	0.0597593543862773	0
0.3	2	1	0.2	1	1	10	0.777869392077565	0.150402014172713	0.0590903628601354	0.162905850501191
0.3	2	1	0.2	10	1	10	0.782924906961207	0.0502357222367204	0.0608542915405275	0.109211904800832
0.3	2	1	0.2	20	1	10	0.781140425052502	0	0.0597593543862773	0
0.3	2	1	0.6	1	1	10	0.776649673978113	0.191058972436665	0.0549867376764545	0.14428355704696
0.3	2	1	0.6	10	1	10	0.779077116251425	0.0738012808676776	0.0639695171310105	0.15263328474003
0.3	2	1	0.6	20	1	10	0.781140425052502	0	0.0597593543862773	0
0.3	2	1	1	1	1	10	0.772525516827487	0.174608252784308	0.0557581714106756	0.158616389199269
0.3	2	1	1	10	1	10	0.775316947830998	0.0769237392227054	0.0639789837213197	0.149676843277649
0.3	2	1	1	20	1	10	0.781140425052502	0	0.0597593543862773	0
0.3	2	1.5	0.2	1	1	10	0.781563711254211	0.143034425887147	0.0560508706330291	0.156900804041933
0.3	2	1.5	0.2	10	1	10	0.77916084749707	0.0399049834314373	0.0613291138984995	0.116320598591816
0.3	2	1.5	0.2	20	1	10	0.781140425052502	0	0.0597593543862773	0
0.3	2	1.5	0.6	1	1	10	0.775233947478814	0.1845563508936	0.0616753122323022	0.16120908662383
0.3	2	1.5	0.6	10	1	10	0.780759801802357	0.0706483350867029	0.0636224757795587	0.145264280540673
0.3	2	1.5	0.6	20	1	10	0.781140425052502	0	0.0597593543862773	0
0.3	2	1.5	1	1	1	10	0.773429264542212	0.17444627614225	0.0530294164405969	0.156923249148911
0.3	2	1.5	1	10	1	10	0.775316947830998	0.0769237392227054	0.0639789837213197	0.149676843277649
0.3	2	1.5	1	20	1	10	0.781140425052502	0	0.0597593543862773	0
0.5	2	0	0.2	1	1	10	0.780542693091105	0.203272550826706	0.0595213556729896	0.162734436625499
0.5	2	0	0.2	10	1	10	0.773362264433245	0.0259635292589493	0.0578343789358006	0.0804403604029186
0.5	2	0	0.2	20	1	10	0.781140425052502	0	0.0597593543862773	0
0.5	2	0	0.6	1	1	10	0.779584043297656	0.215557667687843	0.0594476332299312	0.174433765087513
0.5	2	0	0.6	10	1	10	0.775302879046592	0.0691897467004579	0.061238355266782	0.149556672980345
0.5	2	0	0.6	20	1	10	0.781140425052502	0	0.0597593543862773	0
0.5	2	0	1	1	1	10	0.777724845265728	0.186961667296341	0.0561603903072525	0.16162849099907
0.5	2	0	1	10	1	10	0.776378022506178	0.0669825865403387	0.062843141378076	0.144821515345904
0.5	2	0	1	20	1	10	0.781140425052502	0	0.0597593543862773	0
0.5	2	1	0.2	1	1	10	0.782111666679185	0.185121773072986	0.0516411596907182	0.152135802714401
0.5	2	1	0.2	10	1	10	0.779331036768716	0.0517186053881488	0.0598257559625838	0.110755574649919
0.5	2	1	0.2	20	1	10	0.781140425052502	0	0.0597593543862773	0
0.5	2	1	0.6	1	1	10	0.777129346600093	0.192174990219426	0.0565672976410579	0.159739800869741
0.5	2	1	0.6	10	1	10	0.779888151639571	0.0645600620835303	0.0661224870519292	0.168056644057525
0.5	2	1	0.6	20	1	10	0.781140425052502	0	0.0597593543862773	0
0.5	2	1	1	1	1	10	0.777156211879523	0.186992358774601	0.0553547877468915	0.156813750054157
0.5	2	1	1	10	1	10	0.776037886451757	0.0674607908344181	0.0629868823118838	0.144969983160507
0.5	2	1	1	20	1	10	0.781140425052502	0	0.0597593543862773	0
0.5	2	1.5	0.2	1	1	10	0.77780087572314	0.193319073655055	0.0598269060009368	0.157374831065841
0.5	2	1.5	0.2	10	1	10	0.774380074437388	0.0406676279910975	0.0593371944297932	0.118324629289484
0.5	2	1.5	0.2	20	1	10	0.781140425052502	0	0.0597593543862773	0
0.5	2	1.5	0.6	1	1	10	0.783391978549174	0.219073242679641	0.0602843802245576	0.186196305000165
0.5	2	1.5	0.6	10	1	10	0.775669862184463	0.0689184230263334	0.0639008602883709	0.16767773440027
0.5	2	1.5	0.6	20	1	10	0.781140425052502	0	0.0597593543862773	0
0.5	2	1.5	1	1	1	10	0.777657287364022	0.181099212163639	0.0512223311590425	0.153198175397448
0.5	2	1.5	1	10	1	10	0.776037886451757	0.0674607908344181	0.0629868823118838	0.144969983160507
0.5	2	1.5	1	20	1	10	0.781140425052502	0	0.0597593543862773	0
0.1	4	0	0.2	1	1	10	0.781696389711731	0.121070272987471	0.0658835170014752	0.159375115717917
0.1	4	0	0.2	10	1	10	0.78188030354351	0.0214052911921895	0.0626602705618579	0.0940846735934803
0.1	4	0	0.2	20	1	10	0.781140425052502	0	0.0597593543862773	0
0.1	4	0	0.6	1	1	10	0.766539729675948	0.167993432622527	0.0664073475458556	0.169513754110386
0.1	4	0	0.6	10	1	10	0.76959814655056	0.0536514861085957	0.0603523148145169	0.109728549145282
0.1	4	0	0.6	20	1	10	0.781140425052502	0	0.0597593543862773	0
0.1	4	0	1	1	1	10	0.751549812340268	0.167259113501578	0.0638982376379864	0.149171760519722
0.1	4	0	1	10	1	10	0.768224484906029	0.0694768437096409	0.0636572114558444	0.127723667695984
0.1	4	0	1	20	1	10	0.781140425052502	0	0.0597593543862773	0
0.1	4	1	0.2	1	1	10	0.777968610766578	0.105630873525007	0.0582517654885696	0.131543259143542
0.1	4	1	0.2	10	1	10	0.780103424886582	0.00775843806124344	0.0596627172473178	0.045252459898218
0.1	4	1	0.2	20	1	10	0.781140425052502	0	0.0597593543862773	0
0.1	4	1	0.6	1	1	10	0.763912913099902	0.169999973733001	0.0669128760233262	0.189954941980428
0.1	4	1	0.6	10	1	10	0.772503646090584	0.0639365006747906	0.0604415523498454	0.116668274550696
0.1	4	1	0.6	20	1	10	0.781140425052502	0	0.0597593543862773	0
0.1	4	1	1	1	1	10	0.750360648877255	0.158749331000337	0.0629540932208207	0.164246961269018
0.1	4	1	1	10	1	10	0.768224484906029	0.0694768437096409	0.0636572114558444	0.127723667695984
0.1	4	1	1	20	1	10	0.781140425052502	0	0.0597593543862773	0
0.1	4	1.5	0.2	1	1	10	0.785614015349519	0.151959913147543	0.0644569278962826	0.186223253103713
0.1	4	1.5	0.2	10	1	10	0.781103946693042	0.0128159217239974	0.0587376854038934	0.0631960464076374
0.1	4	1.5	0.2	20	1	10	0.781140425052502	0	0.0597593543862773	0
0.1	4	1.5	0.6	1	1	10	0.766757354831733	0.15819963082952	0.0611553115110828	0.153634081390985
0.1	4	1.5	0.6	10	1	10	0.771488170457822	0.0651605225872249	0.062212752165808	0.124966328108494
0.1	4	1.5	0.6	20	1	10	0.781140425052502	0	0.0597593543862773	0
0.1	4	1.5	1	1	1	10	0.749011810938861	0.1580404981518	0.0656717544844753	0.170091803163499
0.1	4	1.5	1	10	1	10	0.768224484906029	0.0694768437096409	0.0636572114558444	0.127723667695984
0.1	4	1.5	1	20	1	10	0.781140425052502	0	0.0597593543862773	0
0.3	4	0	0.2	1	1	10	0.776217413127387	0.130641578800869	0.0659808199197835	0.153258570572343
0.3	4	0	0.2	10	1	10	0.779401971831274	0.0433140505250713	0.0596599558548725	0.104609447013503
0.3	4	0	0.2	20	1	10	0.781140425052502	0	0.0597593543862773	0
0.3	4	0	0.6	1	1	10	0.771420251239828	0.160398050396677	0.0580420584551699	0.167928308932118
0.3	4	0	0.6	10	1	10	0.777931044396151	0.0751060772552447	0.0643436129093394	0.144138417020539
0.3	4	0	0.6	20	1	10	0.781140425052502	0	0.0597593543862773	0
0.3	4	0	1	1	1	10	0.769780961243157	0.185565980180185	0.0619922378645829	0.174832222322979
0.3	4	0	1	10	1	10	0.775316947830998	0.0769237392227054	0.0639789837213197	0.149676843277649
0.3	4	0	1	20	1	10	0.781140425052502	0	0.0597593543862773	0
0.3	4	1	0.2	1	1	10	0.787782978683835	0.19341690179959	0.0607328989503831	0.17172069359475
0.3	4	1	0.2	10	1	10	0.779069688812979	0.0431666982568558	0.059371156030355	0.115014817390627
0.3	4	1	0.2	20	1	10	0.781140425052502	0	0.0597593543862773	0
0.3	4	1	0.6	1	1	10	0.776685003109938	0.181931105817977	0.0606556059929718	0.169744249865809
0.3	4	1	0.6	10	1	10	0.774889337725397	0.0640575531584182	0.0637510793107537	0.140740459295451
0.3	4	1	0.6	20	1	10	0.781140425052502	0	0.0597593543862773	0
0.3	4	1	1	1	1	10	0.772903422714525	0.188242492493753	0.0560720290961362	0.165835026167699
0.3	4	1	1	10	1	10	0.775316947830998	0.0769237392227054	0.0639789837213197	0.149676843277649
0.3	4	1	1	20	1	10	0.781140425052502	0	0.0597593543862773	0
0.3	4	1.5	0.2	1	1	10	0.780220631194113	0.157837452565417	0.0688069115113997	0.181190520506659
0.3	4	1.5	0.2	10	1	10	0.778810198459879	0.032941544134652	0.058648340584271	0.104426833434071
0.3	4	1.5	0.2	20	1	10	0.781140425052502	0	0.0597593543862773	0
0.3	4	1.5	0.6	1	1	10	0.776539444235031	0.171144908980482	0.0566252692591618	0.171047434206849
0.3	4	1.5	0.6	10	1	10	0.776012005244583	0.0639958005204435	0.0633515142608929	0.140919761722845
0.3	4	1.5	0.6	20	1	10	0.781140425052502	0	0.0597593543862773	0
0.3	4	1.5	1	1	1	10	0.774564228195633	0.1899525405752	0.0587945324730195	0.167629633698126
0.3	4	1.5	1	10	1	10	0.775316947830998	0.0769237392227054	0.0639789837213197	0.149676843277649
0.3	4	1.5	1	20	1	10	0.781140425052502	0	0.0597593543862773	0
0.5	4	0	0.2	1	1	10	0.77213018373213	0.161672883315272	0.0663797765154954	0.190701670722303
0.5	4	0	0.2	10	1	10	0.773050171693649	0.0253995478762112	0.0570030165001874	0.107473029643435
0.5	4	0	0.2	20	1	10	0.781140425052502	0	0.0597593543862773	0
0.5	4	0	0.6	1	1	10	0.787190359777434	0.229013904846064	0.0565538144079283	0.159999979978528
0.5	4	0	0.6	10	1	10	0.776932720391855	0.0735989715284066	0.0620864816976243	0.150235706779948
0.5	4	0	0.6	20	1	10	0.781140425052502	0	0.0597593543862773	0
0.5	4	0	1	1	1	10	0.775411567100424	0.205882889386066	0.0607051162580743	0.17086477183182
0.5	4	0	1	10	1	10	0.776378022506178	0.0669825865403387	0.062843141378076	0.144821515345904
0.5	4	0	1	20	1	10	0.781140425052502	0	0.0597593543862773	0
0.5	4	1	0.2	1	1	10	0.769421093754823	0.160322306560349	0.061825389776721	0.177468807374881
0.5	4	1	0.2	10	1	10	0.782243630331849	0.0616135098041341	0.0595417393921974	0.126504749045147
0.5	4	1	0.2	20	1	10	0.781140425052502	0	0.0597593543862773	0
0.5	4	1	0.6	1	1	10	0.777458780921742	0.198641337341626	0.0595789543014042	0.161741848274024
0.5	4	1	0.6	10	1	10	0.777575836036845	0.0589178917288352	0.0638122984242816	0.162718232578579
0.5	4	1	0.6	20	1	10	0.781140425052502	0	0.0597593543862773	0
0.5	4	1	1	1	1	10	0.775735087051641	0.195122688396452	0.0625751321205956	0.175254867621169
0.5	4	1	1	10	1	10	0.776037886451757	0.0674607908344181	0.0629868823118838	0.144969983160507
0.5	4	1	1	20	1	10	0.781140425052502	0	0.0597593543862773	0
0.5	4	1.5	0.2	1	1	10	0.778516641404953	0.173530758459283	0.0599224288384919	0.157013952221794
0.5	4	1.5	0.2	10	1	10	0.77784881879418	0.0469255572563769	0.06091626383277	0.113785726750841
0.5	4	1.5	0.2	20	1	10	0.781140425052502	0	0.0597593543862773	0
0.5	4	1.5	0.6	1	1	10	0.772907409603638	0.171935290046855	0.0584845822432581	0.177542552294843
0.5	4	1.5	0.6	10	1	10	0.777184595911972	0.0654381604158548	0.0628261295662636	0.14292135231759
0.5	4	1.5	0.6	20	1	10	0.781140425052502	0	0.0597593543862773	0
0.5	4	1.5	1	1	1	10	0.768146688282869	0.167516448854139	0.0581693704550853	0.15989675578626
0.5	4	1.5	1	10	1	10	0.776037886451757	0.0674607908344181	0.0629868823118838	0.144969983160507
0.5	4	1.5	1	20	1	10	0.781140425052502	0	0.0597593543862773	0
0.1	6	0	0.2	1	1	10	0.787065777656044	0.148620507798787	0.0628574137067831	0.162544108337048
0.1	6	0	0.2	10	1	10	0.779761194947321	0.0125788768895306	0.0595854453037791	0.0763903366520649
0.1	6	0	0.2	20	1	10	0.781140425052502	0	0.0597593543862773	0
0.1	6	0	0.6	1	1	10	0.764730517464429	0.152693243187995	0.0568443958964986	0.162299898179673
0.1	6	0	0.6	10	1	10	0.774965784690233	0.0785873249169571	0.0640413364794716	0.150373848571527
0.1	6	0	0.6	20	1	10	0.781140425052502	0	0.0597593543862773	0
0.1	6	0	1	1	1	10	0.753722291964086	0.179448619415786	0.0672002555710759	0.170001645195391
0.1	6	0	1	10	1	10	0.768224484906029	0.0694768437096409	0.0636572114558444	0.127723667695984
0.1	6	0	1	20	1	10	0.781140425052502	0	0.0597593543862773	0
0.1	6	1	0.2	1	1	10	0.787174732796772	0.156310716698151	0.0595958342518012	0.168282298259181
0.1	6	1	0.2	10	1	10	0.780493218566786	0.0151121599780409	0.0594426500500635	0.0572613751124541
0.1	6	1	0.2	20	1	10	0.781140425052502	0	0.0597593543862773	0
0.1	6	1	0.6	1	1	10	0.768642101368321	0.167779187964746	0.062715099345573	0.185983206707932
0.1	6	1	0.6	10	1	10	0.771555396214576	0.0493786677561124	0.0613639199273393	0.113316446117268
0.1	6	1	0.6	20	1	10	0.781140425052502	0	0.0597593543862773	0
0.1	6	1	1	1	1	10	0.751101159750657	0.165230545805389	0.0638175836952775	0.161304427977083
0.1	6	1	1	10	1	10	0.768224484906029	0.0694768437096409	0.0636572114558444	0.127723667695984
0.1	6	1	1	20	1	10	0.781140425052502	0	0.0597593543862773	0
0.1	6	1.5	0.2	1	1	10	0.777507741158591	0.101827193775352	0.0635049523973365	0.154809898165701
0.1	6	1.5	0.2	10	1	10	0.782113525402092	0.0272121674213365	0.0611803311335374	0.090676099658367
0.1	6	1.5	0.2	20	1	10	0.781140425052502	0	0.0597593543862773	0
0.1	6	1.5	0.6	1	1	10	0.775011481244329	0.195022835230835	0.0681832131649062	0.175584390636853
0.1	6	1.5	0.6	10	1	10	0.773562375318712	0.0748683268430984	0.0586266640102001	0.119678401724456
0.1	6	1.5	0.6	20	1	10	0.781140425052502	0	0.0597593543862773	0
0.1	6	1.5	1	1	1	10	0.748133760642206	0.155402577333385	0.0641662743373161	0.160001778241164
0.1	6	1.5	1	10	1	10	0.768224484906029	0.0694768437096409	0.0636572114558444	0.127723667695984
0.1	6	1.5	1	20	1	10	0.781140425052502	0	0.0597593543862773	0
0.3	6	0	0.2	1	1	10	0.777746326955786	0.147028535653228	0.0577499023120299	0.128317834178768
0.3	6	0	0.2	10	1	10	0.783524507492541	0.0615725376727228	0.0643221272373651	0.138905465623044
0.3	6	0	0.2	20	1	10	0.781140425052502	0	0.0597593543862773	0
0.3	6	0	0.6	1	1	10	0.779787230821596	0.20041091104034	0.0638124391281572	0.191565680430235
0.3	6	0	0.6	10	1	10	0.778036831148367	0.0702249282638178	0.063813304762693	0.138641500074828
0.3	6	0	0.6	20	1	10	0.781140425052502	0	0.0597593543862773	0
0.3	6	0	1	1	1	10	0.76925114726184	0.186125290447878	0.0617370919465587	0.177939104504712
0.3	6	0	1	10	1	10	0.775316947830998	0.0769237392227054	0.0639789837213197	0.149676843277649
0.3	6	0	1	20	1	10	0.781140425052502	0	0.0597593543862773	0
0.3	6	1	0.2	1	1	10	0.787421384975284	0.180591529092872	0.0613534883388707	0.174917523781907
0.3	6	1	0.2	10	1	10	0.783206065882939	0.0530885960456067	0.0632744580077003	0.126160782157907
0.3	6	1	0.2	20	1	10	0.781140425052502	0	0.0597593543862773	0
0.3	6	1	0.6	1	1	10	0.774317003976909	0.173065761532642	0.0606573980991908	0.165334618930515
0.3	6	1	0.6	10	1	10	0.777511119327561	0.0683504267164512	0.0636203599001193	0.147071414457504
0.3	6	1	0.6	20	1	10	0.781140425052502	0	0.0597593543862773	0
0.3	6	1	1	1	1	10	0.774321842795736	0.192600509617959	0.0567719831415806	0.168085576955029
0.3	6	1	1	10	1	10	0.775316947830998	0.0769237392227054	0.0639789837213197	0.149676843277649
0.3	6	1	1	20	1	10	0.781140425052502	0	0.0597593543862773	0
0.3	6	1.5	0.2	1	1	10	0.788536385609925	0.182466566923787	0.0610631342396703	0.186325718135785
0.3	6	1.5	0.2	10	1	10	0.780955779231967	0.0473764327484978	0.061332058988246	0.120411431564983
0.3	6	1.5	0.2	20	1	10	0.781140425052502	0	0.0597593543862773	0
0.3	6	1.5	0.6	1	1	10	0.773572802597357	0.177214379845758	0.0583647359545805	0.163848240261757
0.3	6	1.5	0.6	10	1	10	0.775037316415901	0.0596987345768195	0.0613042077855945	0.128322530546124
0.3	6	1.5	0.6	20	1	10	0.781140425052502	0	0.0597593543862773	0
0.3	6	1.5	1	1	1	10	0.773971519151421	0.188913926440033	0.0585384094292802	0.162778376094981
0.3	6	1.5	1	10	1	10	0.775316947830998	0.0769237392227054	0.0639789837213197	0.149676843277649
0.3	6	1.5	1	20	1	10	0.781140425052502	0	0.0597593543862773	0
0.5	6	0	0.2	1	1	10	0.782517975823724	0.17330204802008	0.0550717828347377	0.178141476876598
0.5	6	0	0.2	10	1	10	0.77933631113256	0.0580208348177361	0.0593844260647694	0.112472547520192
0.5	6	0	0.2	20	1	10	0.781140425052502	0	0.0597593543862773	0
0.5	6	0	0.6	1	1	10	0.780243092704176	0.217204913630113	0.0593636297517701	0.17937545436968
0.5	6	0	0.6	10	1	10	0.778184546525876	0.075604842901194	0.063552053973477	0.157842977884493
0.5	6	0	0.6	20	1	10	0.781140425052502	0	0.0597593543862773	0
0.5	6	0	1	1	1	10	0.774973854282019	0.20568035122558	0.0613778413527972	0.172455397015073
0.5	6	0	1	10	1	10	0.776378022506178	0.0669825865403387	0.062843141378076	0.144821515345904
0.5	6	0	1	20	1	10	0.781140425052502	0	0.0597593543862773	0
0.5	6	1	0.2	1	1	10	0.780086640750865	0.164715040924983	0.0648874428084278	0.162644100375352
0.5	6	1	0.2	10	1	10	0.772059417995235	0.0428474034119304	0.0585119087172553	0.11568147731103
0.5	6	1	0.2	20	1	10	0.781140425052502	0	0.0597593543862773	0
0.5	6	1	0.6	1	1	10	0.783727779604368	0.209214781893725	0.0550655679176039	0.1713313703627
0.5	6	1	0.6	10	1	10	0.778099336342077	0.0706718398719725	0.0618208192134131	0.137654484563084
0.5	6	1	0.6	20	1	10	0.781140425052502	0	0.0597593543862773	0
0.5	6	1	1	1	1	10	0.774368559522323	0.191239250611699	0.0616650255550232	0.171009158152746
0.5	6	1	1	10	1	10	0.776037886451757	0.0674607908344181	0.0629868823118838	0.144969983160507
0.5	6	1	1	20	1	10	0.781140425052502	0	0.0597593543862773	0
0.5	6	1.5	0.2	1	1	10	0.773569842059187	0.13182852247194	0.0543526339939853	0.135917092127947
0.5	6	1.5	0.2	10	1	10	0.778162763167338	0.0461403758029315	0.0614660204319498	0.129823138990705
0.5	6	1.5	0.2	20	1	10	0.781140425052502	0	0.0597593543862773	0
0.5	6	1.5	0.6	1	1	10	0.78570598735611	0.214576694836143	0.0601653937372416	0.18248674681488
0.5	6	1.5	0.6	10	1	10	0.779403671220113	0.0547169196013389	0.0614815304733691	0.123869666894411
0.5	6	1.5	0.6	20	1	10	0.781140425052502	0	0.0597593543862773	0
0.5	6	1.5	1	1	1	10	0.76841786413544	0.168228451174353	0.0584973622471749	0.157676549677996
0.5	6	1.5	1	10	1	10	0.776037886451757	0.0674607908344181	0.0629868823118838	0.144969983160507
0.5	6	1.5	1	20	1	10	0.781140425052502	0	0.0597593543862773	0
