symbol	lab	pvalue
NR2F6	N+	0.000180367046136845
IGLV4-69	N+	0.00164656116332434
C4BPA	O+	0.00601061873564181
PFDN4	O+	0.000155689688683726
TAF9	O+	6.77888245901202e-05
OTOF	O+	0.00366626937280605
LPAR6	O+	0.000151815016829364
TRIM22	O+	0.00472418840618735
IFI44	O+	0.0024847371052078
KRR1	O+	0.000128369740668166
GIMAP2	O+	1.17449726985948e-07
PHF11	O+	0.00336827402446448
CHMP5	O+	0.00307226022819124
RETREG1	O+	4.98047763542471e-05
HPF1	O+	6.28648981098666e-07
ZNF83	O+	2.56159981388082e-05
FAM111A	O+	4.4939202494007e-05
ZSCAN29	O+	0.0016845812064913
TTC14	O+	6.80103899492519e-05
ABR	S+	9.60351953596245e-06
ACAA1	S+	0.00360722331923458
ACTB	S+	3.00650450477683e-06
ACTN4	S+	8.34945773611653e-05
ACTN1	S+	1.09554029738394e-05
ADAM8	S+	1.76635421364597e-05
ADAR	S+	0.00324834409266929
AGER	S+	0.000380767755644477
AKT1	S+	2.10125482140279e-08
ALDH3B1	S+	3.37398123516433e-06
ALDOA	S+	2.33886512059691e-05
ALOX12	S+	0.000185453356956451
ALOX5	S+	9.80196809758566e-07
ALOX5AP	S+	0.00368258073907683
AMPD2	S+	2.25423850142275e-05
ANPEP	S+	8.7229407560693e-07
ANXA11	S+	1.05381546397156e-06
APLP2	S+	0.000629683021852606
ARF1	S+	1.57729558826242e-07
ARF3	S+	2.3687758719696e-05
RHOG	S+	1.99432473691886e-06
ARHGAP1	S+	1.16496481946683e-05
ARRB2	S+	2.76802416235658e-06
ARSA	S+	0.000507450170209514
ASGR1	S+	0.00116830869096178
ASGR2	S+	0.00019397975694975
RERE	S+	0.000889770390366601
ATP6V0B	S+	7.91398434595146e-06
ATP6V0A1	S+	1.66150099232069e-07
BCL3	S+	2.37754079518291e-06
C5AR1	S+	0.000218814408404181
FMNL1	S+	1.46447146216518e-06
CAMK2G	S+	0.000457678282622333
CAPG	S+	0.00253511300064273
CARS1	S+	0.00388457689268725
CD14	S+	6.9244986764312e-06
TNFRSF8	S+	0.00022746775666863
CD68	S+	7.52715964680447e-05
ADGRE5	S+	0.000374020117410985
CDA	S+	2.3402332251094e-05
CDKN2D	S+	1.80664907953852e-05
CFL1	S+	2.0652376956055e-05
CEACAM3	S+	3.30738407473494e-05
CEACAM4	S+	0.000125745333174596
CLU	S+	0.000103628597606677
CLK3	S+	1.17073818284994e-05
TPP1	S+	0.00137853222522424
CNN2	S+	2.50636447150455e-05
COL7A1	S+	0.00432873046042372
ATF6B	S+	3.47843225209977e-05
CSF1R	S+	0.00200660489608504
CSF3R	S+	9.02566763748673e-07
CSNK1D	S+	1.00503199122472e-05
CST3	S+	0.000264434967807082
CTSD	S+	6.63911062211734e-06
CTSZ	S+	0.00245632024002337
CUX1	S+	0.000642103265581114
DCTN1	S+	0.00189967736250146
DHX8	S+	0.000226004055261503
DOCK2	S+	0.00621420097552943
DOK1	S+	3.56374656507882e-05
ECE1	S+	7.28199112848149e-06
PHC2	S+	1.61765633809296e-05
MARK2	S+	7.50568113986692e-05
EPHB4	S+	0.00158670263073634
ETV6	S+	0.00542076104985623
PTK2B	S+	7.55778799551661e-05
FBP1	S+	0.00534814028107903
FCGRT	S+	1.51804503455874e-06
FCN1	S+	1.21951688298027e-05
FES	S+	0.00012892505643451
FGR	S+	3.52307616230784e-05
FKBP1A	S+	0.000578993984800682
FLOT2	S+	9.96383979103617e-07
FOLR3	S+	0.00376260735901546
FOS	S+	0.000400782284588418
FOSL2	S+	0.000224081886586397
FPR1	S+	5.80865859776117e-05
GAA	S+	0.000804142825810947
GALNS	S+	0.0005796020915239
GALNT2	S+	0.000203333660706957
GBA1	S+	7.19752058184265e-06
GLUL	S+	0.000386250293754951
GNAI2	S+	2.35061306893124e-08
GNB2	S+	3.31185552094833e-07
GNG5	S+	0.000225487730343032
GP1BA	S+	6.33308025893371e-05
FFAR2	S+	0.00121693209545803
GRN	S+	2.81175873042652e-07
GRINA	S+	0.0015169101280096
GSK3A	S+	0.000272193081294672
GSN	S+	8.05922542342248e-05
GSTZ1	S+	0.00421250506325237
H3-3A	S+	0.00189080546555203
HCK	S+	1.7215874181691e-06
HCLS1	S+	3.18165160033478e-05
HK3	S+	0.00107199087025721
HLA-B	S+	0.000247789184783718
HLA-C	S+	0.000629636900343605
HLA-E	S+	7.6268566518959e-05
HLX	S+	2.16889133461339e-06
HMOX1	S+	0.00181110334258768
HRH2	S+	1.26610139517341e-06
HSPA6	S+	0.000179867772653175
NDST1	S+	0.000163451549311593
ICAM3	S+	9.49261502749322e-06
IL1RN	S+	2.26233765385368e-05
IL4R	S+	0.00825921372449245
CXCR1	S+	4.41482093864314e-05
CXCR2	S+	0.000469750203028524
IL10RB	S+	0.00150233402004465
ILK	S+	5.84073558530124e-05
IMPDH1	S+	6.29475731090253e-08
INPPL1	S+	9.9556780853872e-05
IRF1	S+	0.000407351085226214
IRF7	S+	0.00743682230040532
ITGA2B	S+	5.26205222698254e-05
ITGA5	S+	3.2868207664169e-05
ITGAM	S+	1.85377033614138e-05
ITGAX	S+	0.000491958037933178
ITGB3	S+	0.00910455031339775
ITGB5	S+	3.51300837143905e-05
ITPK1	S+	1.06619712898249e-06
KCNQ1	S+	4.55358753449116e-05
LASP1	S+	1.08486786569195e-05
LGALS9	S+	1.32264477346098e-06
LIMK2	S+	0.000292391586874216
LSP1	S+	4.00766749129355e-07
LTBR	S+	2.94282291379034e-08
MAP1A	S+	0.0013811032028961
MEFV	S+	0.000673215576105374
MAP3K3	S+	4.14694077617505e-05
MLLT1	S+	1.72686533060352e-05
MMP9	S+	3.73826189284859e-05
MMP19	S+	0.000254350844096351
MTF1	S+	0.00933365330302345
MYO1F	S+	8.78853763240999e-07
MTX1	S+	1.20398197788403e-06
MYBPC3	S+	7.01689288275141e-06
MYD88	S+	4.1412722234413e-05
MYO9B	S+	1.62636054274033e-05
NAGA	S+	0.00367437455190087
NCF4	S+	7.14709210679655e-06
NEU1	S+	0.000310441347888211
NFE2	S+	4.60639088505266e-06
NFIC	S+	0.000626727638874478
NFYC	S+	5.95846053700144e-06
NINJ1	S+	2.46694646114484e-06
NINJ2	S+	0.00576453086236636
CNOT3	S+	1.46619717503203e-05
CCN3	S+	0.000644787684898821
NUCB1	S+	0.00303401019909556
OPRL1	S+	0.000459251878096248
FURIN	S+	1.13597638814699e-06
PCSK6	S+	0.00134208110835434
PBX2	S+	0.00132752203486871
PFKFB3	S+	0.0028380861387567
PFKFB4	S+	2.63715233741116e-06
PGD	S+	2.79690269547532e-07
SERPINA1	S+	6.4388868067893e-07
PIK3CD	S+	2.27018407787825e-06
PKM	S+	0.000696813710058861
PLAUR	S+	1.52725965806779e-05
PLCB2	S+	0.000118214670834646
PLCG2	S+	0.000339668815083395
PLD2	S+	0.0032856368737192
PLOD1	S+	8.93706918117737e-05
SEPTIN4	S+	0.00106734832256048
POLR2A	S+	0.000902726784754203
POR	S+	3.70232872279306e-05
CTSA	S+	1.83666058928472e-08
PPP1R10	S+	0.000240225017513476
PPP4C	S+	1.08299718598434e-05
PRKACA	S+	1.20567769166935e-05
PRKCD	S+	9.39476010318928e-07
MAPK3	S+	6.11390894782073e-06
MAPK13	S+	0.00869222774806919
MAP2K3	S+	0.00019523088111707
PSAP	S+	6.63015910259192e-06
PSMB3	S+	5.67381163094205e-05
PTAFR	S+	3.86565891945643e-07
PTGS1	S+	0.000107515650533789
QSOX1	S+	0.00110744283047583
PTPN6	S+	0.00013835721667735
PVR	S+	0.00528279227171641
NECTIN1	S+	1.75935265269777e-05
PXN	S+	2.15162593728848e-07
RGL2	S+	0.00271100212685227
RAB5C	S+	6.63873249106643e-06
RAC2	S+	0.000122617906712802
RAF1	S+	0.00335502639971951
RARA	S+	1.77905855746993e-07
DPF2	S+	6.31437449860148e-06
RPS6KA1	S+	8.83214513424782e-07
S100A11	S+	5.71430950496697e-07
SEC14L1	S+	0.000174556749282819
SECTM1	S+	2.05504954908982e-06
SELPLG	S+	2.81446584549118e-07
SH3BP2	S+	3.28111750562729e-05
ST3GAL2	S+	3.69772472557853e-05
ST3GAL4	S+	0.000137275424608739
SLC6A6	S+	0.00394542037229574
SLC9A1	S+	3.59382569544561e-06
SLC11A1	S+	0.000610772000818777
SMARCD3	S+	3.40962329985802e-05
SP1	S+	0.00612688589110579
SPI1	S+	5.78602857787492e-08
SPINT1	S+	8.39153576704208e-05
TRIM21	S+	0.000274432658451871
STAT3	S+	9.85291705208465e-05
STAT5A	S+	0.000361907514724478
STAT6	S+	4.43235807838949e-06
STK10	S+	6.95699952140906e-06
AURKC	S+	0.00748593028980795
STX5	S+	0.000114691714907943
STXBP2	S+	1.8063862260004e-06
SULT1A1	S+	6.42076358054236e-05
SUPT6H	S+	0.00539605748026362
SYK	S+	0.000100292254784595
TALDO1	S+	6.59116216363843e-07
TAPBP	S+	9.77143341871749e-05
TBXAS1	S+	4.07887729477596e-05
TCN2	S+	0.000586168311819067
TGM3	S+	4.22958801439531e-05
THBS1	S+	0.000821138445222183
THBS3	S+	0.00447043961703187
TIMP2	S+	4.04142099658257e-07
TKT	S+	1.0619977360631e-06
TLE3	S+	3.83352620545816e-07
TLN1	S+	0.000140546835826374
TNFAIP2	S+	0.000326600492392287
TNFRSF1A	S+	6.66669110130786e-06
TNFRSF1B	S+	5.46145348995389e-06
TNNI2	S+	0.00011383284096832
TOP3A	S+	0.000317393198106399
TPD52L2	S+	4.67055943797756e-05
TRPC2	S+	0.00770404184893884
TRPM2	S+	0.00100095995601295
TUBA4A	S+	3.10408845198517e-05
TYK2	S+	2.61273651471705e-05
TYROBP	S+	1.08022288943683e-05
UPK3A	S+	0.000505769725219913
USF1	S+	0.000123699836722866
VASP	S+	1.33113036432582e-08
BEST1	S+	0.000264494415848466
VWF	S+	0.000220586559465535
WIPF1	S+	0.00175367261137693
LAT2	S+	0.000167607515292447
TRIM25	S+	0.00321190697254051
ZYX	S+	9.17742520272085e-07
LAPTM5	S+	4.9516785100851e-05
TUBA1A	S+	3.51553880296172e-06
MAPKAPK3	S+	2.83488220107775e-05
LST1	S+	0.000246351267134182
TFEB	S+	1.67532379587149e-06
NUP214	S+	0.000175632053724594
MLF2	S+	1.51863431025644e-06
ELL	S+	0.000224912422296926
DYSF	S+	2.09472780650298e-06
TAGLN2	S+	1.21168678039645e-05
GAS7	S+	0.000326363564310241
EIF4EBP3	S+	0.00718963305780685
STX10	S+	6.21093454355871e-06
MARCO	S+	0.00162115576779537
DGAT1	S+	0.000169929187865979
TNFSF13	S+	8.53277543344503e-06
ADAM15	S+	0.000191951060675008
NAPA	S+	0.00172796804986731
SIGLEC5	S+	0.0019715338874052
TNFRSF10C	S+	4.41706921099661e-07
NRP1	S+	0.00748427352584395
TMEM11	S+	0.000386334655686665
SOCS3	S+	0.00101872660766068
PSTPIP1	S+	3.72554588420498e-05
CLDN9	S+	0.000110559344885032
UNC119	S+	1.63523614197471e-06
ATP6V0D1	S+	1.05680067897308e-06
SLC16A5	S+	9.63351859952113e-06
SLC16A3	S+	1.1272292701541e-05
LPAR2	S+	0.000167391740216188
DEDD	S+	0.00579640370581268
PDLIM7	S+	1.33294321657487e-07
MAPKAPK2	S+	1.24853782841257e-05
THEMIS2	S+	5.46760858305702e-05
PGS1	S+	0.00631015206241185
TP53I11	S+	4.34142920618192e-05
GTPBP1	S+	0.00019053915224348
RIN1	S+	9.09323553768088e-05
AATK	S+	6.33458886067497e-05
ZNF592	S+	6.69009583008713e-06
SLC25A44	S+	1.15605166274295e-05
KIAA0040	S+	0.00137567614653831
N4BP1	S+	1.39715346655856e-05
DHX34	S+	5.66107181998151e-06
KMT2B	S+	0.000357211161857371
KIAA0513	S+	2.13104353193324e-06
ATG13	S+	2.49155075676857e-05
IP6K1	S+	2.77826982939482e-06
RNF40	S+	1.33769930849056e-05
CTIF	S+	0.00169382725846593
ARHGEF11	S+	0.000650676306374754
PLEKHM1	S+	6.17081059343359e-06
GAB2	S+	2.70805247896544e-05
RUSC2	S+	0.00702468324995565
OSBPL2	S+	0.000214391738669349
TECPR2	S+	1.18770144921974e-05
KLHL21	S+	2.91473349779314e-05
MVP	S+	0.000262399920530625
DGCR2	S+	2.88971727095612e-06
SRA1	S+	0.00151772009651975
TOM1	S+	1.44375738068438e-06
SCAMP2	S+	0.000115225608000041
PPIF	S+	3.28765411326502e-06
LPCAT3	S+	2.34986867073397e-06
FLOT1	S+	2.09495173492623e-06
CTDSPL	S+	0.000570634272281429
PLIN3	S+	8.19312273899647e-07
LILRB2	S+	0.000194036207707895
BCKDK	S+	2.83831218388553e-07
SIRPB1	S+	1.76534941321056e-06
IRF9	S+	0.00174096327125122
NDRG1	S+	0.00100375814317311
UBAC1	S+	0.000250416875033901
CDIPT	S+	1.54491655111749e-05
CDC42EP2	S+	1.16355957325939e-05
IFI30	S+	3.38719204101451e-05
TACC3	S+	8.90466996442013e-06
NXF1	S+	0.00386022785471192
SEMA4D	S+	0.00469007973855229
SEMA4B	S+	1.43185995738268e-05
ATG7	S+	3.15696632244993e-06
TM9SF1	S+	0.000704485249393107
IFITM2	S+	7.57493483646418e-07
RBCK1	S+	0.00016366590457463
ARID3B	S+	6.12040675057764e-05
RGS14	S+	5.77987353493199e-06
CAMKK2	S+	3.42797850168157e-05
CNPY3	S+	6.37589295074571e-06
TSPAN9	S+	0.00209878440712144
USP19	S+	0.000258764797356176
CD300C	S+	0.00311409685171369
TRAFD1	S+	0.000497817868532962
OS9	S+	6.99338301664846e-07
CKAP4	S+	0.000731417926000504
LILRB4	S+	0.00100509754815689
RAB35	S+	0.000157076881561717
LILRA1	S+	1.33247209947812e-05
LILRB3	S+	2.30601947254149e-06
LILRA2	S+	2.04909183448148e-08
WWP2	S+	4.75248491507372e-06
TRIOBP	S+	0.000109835536228899
BAZ2A	S+	0.00949085879254697
RNF24	S+	0.000146689164501043
PACSIN2	S+	0.000462046345986974
TREX1	S+	0.00397832914193641
GABARAP	S+	6.35742618488037e-05
COPG1	S+	0.00270005528726369
NLRP1	S+	0.010320406757497
MON1B	S+	0.000304094874528587
DENND3	S+	0.000129081540491139
MAPRE3	S+	0.0060283948608708
ACIN1	S+	0.00135231272299862
KDM4B	S+	0.000195546451637454
WDTC1	S+	5.15632331772058e-06
ZSWIM8	S+	0.000368636276068807
CAMTA2	S+	6.35762009045549e-05
PLXND1	S+	0.00482504089928915
KDM6B	S+	7.59294085622287e-05
GGA3	S+	0.00272107232966736
STAB1	S+	0.00113578621905009
XPO6	S+	4.99689316910491e-06
NBEAL2	S+	0.000842351342748762
KAZN	S+	0.00492575962291422
IQCE	S+	0.00793316419026955
FKBP15	S+	0.0078035950229453
KIAA0930	S+	0.00367661733089029
SLC9A8	S+	0.000194727776103262
VPS39	S+	0.000940168675691716
SRGAP2	S+	0.00142592574219853
MAU2	S+	0.000451806558578622
NCSTN	S+	6.0597030128874e-09
FRAT2	S+	0.000175444873698747
COTL1	S+	8.30806238195425e-08
HAAO	S+	0.000412277889666033
KCTD2	S+	0.000441399734335391
SRRM2	S+	0.00755720579783122
WBP2	S+	6.2940930645285e-07
PPP1R15A	S+	4.20039382217769e-09
PISD	S+	0.000377599504310427
IL17RA	S+	4.82239529892682e-05
TFIP11	S+	0.00099085132870772
BRI3	S+	1.70020571787921e-05
YIPF3	S+	5.61379427886871e-06
BRMS1	S+	0.000499558355447958
ZDHHC5	S+	0.00277405212676667
ZNF385A	S+	6.36438524162783e-05
PNKD	S+	0.000112261481112208
TBC1D10B	S+	1.64710218436027e-06
RNF167	S+	2.80326163700731e-05
LRP10	S+	1.99000981999746e-06
SIPA1L1	S+	0.00276336760141416
TRPC4AP	S+	3.017929753013e-05
MTG2	S+	3.82378665174805e-06
TINF2	S+	0.00650820020419518
PTPN18	S+	0.000142058352353478
SIGLEC7	S+	0.000309797203274847
CYTH4	S+	6.6640398148588e-07
CIDEB	S+	2.54835172160196e-05
SLC39A1	S+	0.000509355044786506
SIGLEC9	S+	9.75979776452961e-06
C5AR2	S+	0.000556146097748146
CHMP2A	S+	5.86528964857767e-06
SMPDL3B	S+	6.36695383079663e-05
SLCO3A1	S+	0.000185404123211113
NKIRAS2	S+	0.000123892259513728
DBNL	S+	7.81284157979275e-06
SLC43A3	S+	0.00967988233389057
SAP30BP	S+	0.000239084818964766
PARVB	S+	1.25240621558698e-05
CYP2S1	S+	0.0041346291610442
UBN1	S+	3.7693663972235e-05
STRN4	S+	5.32242334271605e-06
SNX11	S+	0.00148947355886645
OSGIN1	S+	0.000619703823985549
PILRA	S+	7.14349287149862e-06
F11R	S+	0.00610772912082264
ZBTB7B	S+	5.62854263781271e-05
JPT1	S+	2.99544604901628e-07
RAPGEFL1	S+	0.00423487784131945
VRK3	S+	0.00170234817994956
SHISA5	S+	3.52456654163422e-05
UBAP1	S+	0.000169727888234223
C1RL	S+	0.00113886893630776
GMIP	S+	3.50497281372588e-06
SLC15A3	S+	4.73209582526254e-05
FAM53C	S+	0.000771338621536288
PHF21A	S+	0.000448141652504229
SPG21	S+	0.000442830578850994
CHST15	S+	0.00709919438403915
MSRB1	S+	2.17228757919694e-06
TUBA8	S+	2.1836933157001e-06
FXYD6	S+	0.000254085765189386
RAB24	S+	0.000585141990328442
YIPF1	S+	0.00441968965903784
PRR13	S+	2.35744411153235e-05
CHPF2	S+	1.21505713948046e-05
ADAMTSL4	S+	8.88866440751676e-06
APBB1IP	S+	2.27146667425102e-05
NECAB2	S+	0.000680867879585407
GTPBP2	S+	0.00354526487451837
DNAJB12	S+	0.000144430360371174
DEF8	S+	0.000250163626837211
SLC35F6	S+	0.00108170639311323
CLN6	S+	0.000398002958018964
LAMTOR1	S+	1.00978865641239e-06
WIPI1	S+	0.0013896147840901
RNF31	S+	0.000223555392811397
SAMD4B	S+	2.47006119942734e-05
RBM23	S+	0.00151800981031001
TRAPPC14	S+	1.36283781921772e-05
TMEM140	S+	0.00174319278071166
TBC1D2	S+	0.000931590925952199
TMCO6	S+	0.0025709680538786
TMEM127	S+	9.56737383506584e-07
PACS1	S+	2.24420548996257e-05
MAP7D1	S+	0.000149413587519927
ARHGEF40	S+	7.81884424366675e-06
EDEM2	S+	0.000220931629237007
MINDY1	S+	4.32261108716549e-06
ADAP2	S+	0.00528555595312149
ACSS2	S+	9.10870513631335e-05
BIN3	S+	0.000249585312605046
APOBR	S+	4.59726658657898e-06
INKA2	S+	0.00294709525808926
ZMAT5	S+	0.0031088790111753
LIN37	S+	0.000768164570324167
NSFL1C	S+	1.61780236186036e-05
TMEM234	S+	0.00592173191937311
C15orf39	S+	5.3956809872005e-07
GPR108	S+	0.000111535797500699
SLC12A9	S+	2.40597781761875e-05
AGTRAP	S+	3.90504046156095e-05
RGL3	S+	0.00982088018553927
SLC44A2	S+	6.19347710409691e-06
ZNFX1	S+	3.21191050798437e-06
SELENON	S+	0.00191481804697072
TTC7A	S+	0.00580053933241481
ERGIC1	S+	0.000217518009769098
RCN3	S+	3.62086009236278e-05
SCYL1	S+	3.18292037179438e-06
RHBDD2	S+	0.00016843757053351
ELAPOR1	S+	0.000942346345222379
PREX1	S+	0.000537222924147852
MRTFA	S+	9.54133809886548e-05
ZNF687	S+	2.06829320143723e-06
VPS18	S+	0.000108295444435123
PHF12	S+	0.000512337895082505
CALCOCO1	S+	0.000106874123029418
NCKAP5L	S+	0.00327894578111975
CTDSP1	S+	1.47797483181165e-05
EPS15L1	S+	4.18752388855043e-06
PPCDC	S+	0.00136151148673389
ZFAND3	S+	7.33216025126787e-06
ABHD4	S+	6.12035903313477e-06
GPSM3	S+	2.69070573563385e-05
PARVG	S+	7.31299209987399e-06
LRRC4	S+	0.00405447567510939
TMBIM1	S+	0.00326245355866819
VSIR	S+	4.59087551227903e-07
DPEP2	S+	5.01690459981808e-05
DPEP3	S+	0.000133960309560547
SEMA4A	S+	1.02287370450938e-05
FBRS	S+	1.50840279201889e-05
ARHGAP9	S+	0.000372727101078571
HS1BP3	S+	6.32965457228907e-05
MMP25	S+	0.000350339340249265
ARAP3	S+	0.000162946734611485
MTMR14	S+	0.000214586703990157
CSRNP1	S+	9.97532457130075e-06
GORASP1	S+	0.00156100591908731
SMAP2	S+	0.000251983616340957
PLPPR2	S+	4.98361183546956e-05
MICAL1	S+	0.00134444133294721
ISL2	S+	0.000913864069978346
INTS3	S+	0.00300300055759629
NADK	S+	1.13506889046139e-05
PRR14	S+	1.14687912865521e-06
TSEN34	S+	3.09123430762122e-06
TMUB2	S+	2.7614100222272e-06
MBOAT7	S+	2.49679453513661e-07
CYBC1	S+	3.76601309298895e-05
RIPOR1	S+	0.000560750532295272
CCNJL	S+	4.94310480651608e-05
GALNT14	S+	0.00159153955151255
USB1	S+	6.68482088033353e-06
NLRX1	S+	1.48273598286374e-07
LRRK1	S+	1.01868832936031e-05
COLGALT1	S+	1.27331177028956e-05
NPEPL1	S+	0.000171365127480993
RIN3	S+	3.12129337750412e-05
DOK3	S+	3.09191963875004e-07
KIAA0319L	S+	2.06614707972312e-05
DGLUCY	S+	0.00184056649239861
UBTD1	S+	1.25990326004037e-05
SLC8B1	S+	0.0017503855459782
PGGHG	S+	0.00235100327212823
ATOSB	S+	2.72509412148613e-05
PLEKHO2	S+	1.78643720696622e-07
ABTB1	S+	5.30425618327348e-06
MPIG6B	S+	7.93398224892778e-05
CMIP	S+	0.000449947314907494
SH3BP5L	S+	1.94021641570446e-06
NDEL1	S+	0.0003318796208219
TRIM8	S+	2.65706472935022e-06
NUAK2	S+	1.40165325932801e-07
MED25	S+	4.19276380725241e-06
RAB1B	S+	3.54213451727035e-06
SH3BGRL3	S+	0.000128821778134031
C11orf68	S+	2.48311868405052e-05
FERMT3	S+	2.49900994153961e-05
TMEM120A	S+	4.57028360638295e-06
STK40	S+	1.80301548730472e-06
EMILIN2	S+	0.000908098884394692
TMEM222	S+	0.000696769843631126
FHIP1B	S+	0.00103763934055848
PRAM1	S+	1.21461189884367e-05
ZDHHC18	S+	0.000131109815325914
CAMKK1	S+	0.00202230105531006
VPS25	S+	0.00457987945190912
CYSTM1	S+	0.00156463412911082
ACRBP	S+	0.000185278610235893
NTNG2	S+	0.00134839621097479
DGAT2	S+	9.17106983731604e-07
PPP1R9B	S+	4.10509684642725e-06
PSRC1	S+	0.000151288458574256
NFKBID	S+	0.000432054307356468
SPRYD3	S+	0.000389884591207344
HSH2D	S+	2.97961836546147e-05
RELT	S+	0.00323282836457187
ITPRIP	S+	0.000230764438131648
FGD3	S+	4.00086488379069e-05
FCHSD1	S+	0.00141553608046141
ATG16L2	S+	4.50921190730728e-05
AQP10	S+	0.000636919965306652
KIAA2013	S+	0.000170511565847073
BMF	S+	0.00331645232853063
CFAP119	S+	7.43810191020023e-05
AP5B1	S+	2.68712629145427e-06
R3HDM4	S+	6.66628065408831e-05
NLRP12	S+	3.77362793700813e-07
TMEM88	S+	3.0064809380974e-05
STRADA	S+	0.000153935848544657
G6PC3	S+	0.000220842915391689
SHKBP1	S+	4.67817544819263e-06
ZBTB47	S+	0.00112033942663692
SFXN5	S+	0.000106846294683301
NLRP3	S+	0.00502599860045655
MBD6	S+	2.1876944900598e-06
RASGRP4	S+	3.30501665897738e-08
DNTTIP1	S+	0.000593503627649615
CMTM5	S+	0.000328604170966999
SLC26A8	S+	0.00141869788220476
LRG1	S+	2.05033823098789e-06
ARAP1	S+	1.20992574594332e-05
JAML	S+	0.00335209182511728
TDRD9	S+	0.00319716803587335
CANT1	S+	4.69952669996658e-05
CD300LB	S+	7.28893837721555e-05
SLC43A2	S+	6.84679340606498e-07
RAVER1	S+	5.71760969740878e-05
OSCAR	S+	1.26948054862998e-05
CCDC159	S+	0.000667180029809962
MOB3A	S+	3.79918074570807e-06
LRRC25	S+	6.78286528326791e-06
TPRG1L	S+	0.000404587412213695
RNF19B	S+	5.16809826131755e-05
ARL8A	S+	7.35923068814742e-08
TANGO2	S+	0.000575980173649528
PPM1M	S+	0.000176519359382872
SIRPA	S+	1.12343608592819e-05
IFITM3P2	S+	0.00562073635297179
GLT1D1	S+	5.23843805150028e-05
B3GNTL1	S+	0.000109797711136347
CD300LF	S+	0.000280766971919655
DHRS13	S+	9.27051797349605e-05
NFAM1	S+	2.52401122853469e-07
PLB1	S+	2.110902621728e-05
ASPRV1	S+	0.00677390711932899
GLIPR2	S+	4.19447046384565e-07
CIDECP1	S+	0.00443047572850367
ZNF746	S+	0.000136224488939324
DEDD2	S+	2.16823998279582e-06
PPP1R18	S+	3.61808804051853e-06
NLRP6	S+	0.000200534765171154
CYP2T1P	S+	6.46972901216662e-06
ADCY4	S+	0.00774408068180536
CRTC2	S+	3.27838644526558e-07
LINC00528	S+	0.00452082985359425
KLHDC8B	S+	0.000460438758286713
ARHGAP27	S+	0.000813200912264966
TPCN2	S+	0.00128629271347168
OAF	S+	9.91920441386431e-05
C6orf89	S+	0.00154407241446747
ADGRG3	S+	0.000257702750558368
KCTD13	S+	0.00033202895131681
C19orf38	S+	7.99631602351981e-08
NATD1	S+	0.000162854436531613
ARHGAP30	S+	9.82009465432137e-06
PDCD4-AS1	S+	0.00533947507636084
KCTD21	S+	0.00945155724312378
UBALD2	S+	4.87696481227412e-05
TMEM150B	S+	0.00355831149622135
SIRPB2	S+	0.00096001981184937
NT5DC4	S+	0.00200964010622284
ANKRD13D	S+	4.59011587508336e-05
RILPL1	S+	0.00641542445364886
ZNF710	S+	1.75445514757978e-05
PEAR1	S+	0.00119850507875365
SLC27A1	S+	0.000360978718373175
LINC01002	S+	1.66498690725617e-05
GSEC	S+	0.000187612461992388
LINC02908	S+	0.000231592127319686
IFITM10	S+	0.000797124129749445
CUEDC1	S+	0.000553122165750676
RNASEK	S+	0.000275395474995599
PLIN5	S+	0.00201205747217289
PGA4	S+	3.87777025417551e-05
PLIN4	S+	0.000342504273677355
BORCS8	S+	0.000319173916876491
LINC01001	S+	0.00505609366563547
PPM1F-AS1	S+	0.00354348966745735
LINC00173	S+	0.000275170758226099
PELATON	S+	5.92600703186285e-07
LINC01503	S+	0.000204811276424356
LINC00963	S+	7.40749988333668e-05
PTPRN2-AS1	S+	0.000817283821975079
SENCR	S+	3.65016147089185e-06
ARPC4-TTLL3	S+	0.00899201891710748
C5orf67	S+	0.0019657745290205
C3orf86P	S+	1.73789003466033e-05
LINC02887	S+	0.00380481216495575
